Well,Depth,Pore,GR,SP,CAL,K,TH,U,DEN,AC,CN,PERM,STA,Lithcore,Lithdebris,Faces
TZ12,4253.65,6.0,7.64901265293676,7.178797333333324,9.949,1.665,10.706,0.526,2.603,63.198,6.763,1.071,S1K1,,5.0,1.0
TZ12,4255.13,14.2,11.68798468869796,12.844508666666671,10.042,2.3680000000000003,9.04,0.293,2.48,69.971,13.07,4.354,S1K1,,5.0,1.0
TZ12,4255.31,14.2,12.085481139225218,10.396471966666667,10.061,2.391,9.667,1.7930000000000001,2.48,72.126,13.014000000000001,3.028,S1K1,,5.0,1.0
TZ12,4255.76,12.5,10.82615095162049,12.382236666666703,10.027999999999999,1.558,6.393,1.8090000000000002,2.528,69.543,10.235,4.438,S1K1,,5.0,1.0
TZ12,4257.61,5.8,7.941245331886614,6.242680999999888,9.855,2.114,8.465,2.135,2.6,63.994,6.8260000000000005,2.9539999999999997,S1K1,,5.0,1.0
TZ12,4258.16,11.4,9.091779393674003,10.623449333333332,9.914,2.06,8.439,2.365,2.588,68.262,9.142000000000001,1.112,S1K1,,5.0,1.0
TZ12,4258.61,11.8,10.719316861719507,11.252566666666652,9.914,1.939,7.622999999999999,2.113,2.542,69.863,11.072000000000001,2.3040000000000003,S1K1,,5.0,1.0
TZ12,4259.41,10.4,11.16762882371298,9.929057777777778,9.882,2.55,8.898,2.171,2.488,70.051,12.175,1.275,S1K1,,5.0,1.0
TZ12,4260.61,11.0,11.998770131497633,11.3189800888889,9.698,1.4969999999999999,9.372,0.892,2.479,68.97399999999999,10.988,7.729,S1K1,,5.0,1.0
TZ12,4341.4,8.5,11.929301625511474,9.694313199999996,9.765,1.7,9.113,0.21,2.476,69.199,9.311,1.51,S1K1,,,1.0
TZ12,4342.05,4.7,8.692794138103885,6.0702493333334235,9.92,1.589,13.418,-0.693,2.6289999999999996,66.127,8.927,0.191,S1K1,,,1.0
TZ12,4377.005999999999,5.928999999999999,8.368779906264148,7.468017117460365,9.946,2.889,11.632,3.2060000000000004,2.583,66.637,9.33,1.861,S1K3,,5.0,1.0
TZ12,4378.436,15.892000000000001,12.623487547990589,10.3043844,12.282,1.7919999999999998,9.18,2.033,2.52,75.691,20.453,2.7239999999999998,S1K3,,5.0,1.0
TZ12,4378.585999999999,8.305,12.369049961027516,11.102035946031751,10.14,1.7519999999999998,9.072000000000001,1.922,2.513,75.528,14.689,4.281000000000001,S1K3,,5.0,1.0
TZ12,4379.446,9.248,9.695971016989382,9.879835999999994,9.713,2.2230000000000003,9.383,2.405,2.53,67.538,12.034,3.911,S1K3,,5.0,1.0
TZ12,4379.965999999999,4.087,11.230186123120331,6.794498166666704,9.779,2.051,7.768,2.041,2.549,74.189,13.038,3.005,S1K3,,5.0,1.0
TZ12,4380.076,11.674000000000001,12.636630472546768,10.297377944444445,10.031,1.983,7.143,1.849,2.516,78.032,12.034,4.544,S1K3,,5.0,1.0
TZ12,4380.6759999999995,7.777,7.247213007768869,7.864639999999996,9.636000000000001,2.008,8.083,3.661,2.562,62.102,10.720999999999998,2.821,S1K3,,5.0,1.0
TZ12,4380.8859999999995,6.605,6.823795901302091,6.232309095238155,9.628,1.77,7.155,2.885,2.6069999999999998,61.276,11.562000000000001,1.5330000000000001,S1K3,,5.0,1.0
TZ12,4381.335999999999,7.218999999999999,8.956575872151191,9.531078666666668,9.625,1.79,7.9910000000000005,3.35,2.555,66.566,12.001,3.275,S1K3,,5.0,1.0
TZ12,4382.066,10.565999999999999,10.961516186237827,10.528515333333333,9.656,1.7009999999999998,13.052,4.098,2.512,73.393,12.474,3.136,S1K3,,5.0,1.0
TZ12,4382.276,8.814,10.193436152620196,9.534356000000002,9.677999999999999,1.804,13.583,4.27,2.517,72.52600000000001,10.58,2.637,S1K3,,5.0,1.0
TZ12,4382.776,10.520999999999999,8.01932484293183,10.155267333333333,9.672,1.861,10.742,3.617,2.583,68.757,10.718,1.006,S1K3,,5.0,1.0
TZ12,4383.026,11.827,9.723371249338499,11.294781999999984,9.686,1.775,9.945,3.083,2.532,69.997,12.777000000000001,1.837,S1K3,,5.0,1.0
TZ12,4383.576,15.489,11.577235884688562,14.975421333333285,9.623,1.824,8.168,1.3719999999999999,2.5180000000000002,72.132,12.913,5.045,S1K3,,5.0,1.0
TZ12,4383.876,14.593,11.554177841715179,14.468329277777773,9.597999999999999,1.903,8.456,1.271,2.516,72.282,11.873,5.54,S1K3,,5.0,1.0
TZ12,4384.116,8.276,10.327937819621395,9.853973333333343,9.586,1.9380000000000002,8.852,1.35,2.549,70.208,8.677,4.9910000000000005,S1K3,,1.0,1.0
TZ12,4384.626,5.379,7.352794636846932,5.67209173968264,9.517999999999999,2.231,9.088,1.695,2.5980000000000003,64.73100000000001,8.96,0.961,S1K3,,1.0,3.0
TZ12,4384.9259999999995,11.274000000000001,10.2000750001398,11.80991266666667,9.48,2.3609999999999998,5.797999999999999,2.022,2.499,68.066,11.639000000000001,5.82,S1K3,,1.0,3.0
TZ12,4385.126,14.867,11.701073640790865,14.588812666666588,9.57,2.343,6.426,2.158,2.455,71.118,12.315999999999999,10.544,S1K3,,5.0,3.0
TZ12,4385.306,13.331,10.845422784354284,10.579301333333332,9.67,2.242,8.378,2.487,2.474,70.87100000000001,10.446,5.611000000000001,S1K3,,5.0,3.0
TZ12,4388.736,9.544,12.76257417702967,11.396465453968258,9.331,2.085,9.612,2.5789999999999997,2.395,73.998,15.953,4.23,S1K3,,5.0,3.0
TZ12,4388.916,7.07,10.307402052140972,8.226189333333364,9.565,1.778,8.298,2.061,2.454,70.485,9.517999999999999,1.847,S1K3,,5.0,3.0
TZ12,4389.146,5.412000000000001,7.071421547976891,5.744893000000067,9.297,1.854,8.003,2.0069999999999997,2.596,64.16199999999999,4.806,1.641,S1K3,,5.0,3.0
TZ12,4390.266,8.766,10.667139002134638,12.313484000000022,9.305,1.454,5.843999999999999,0.47,2.519,68.687,8.562000000000001,30.648000000000003,S1K3,,3.0,3.0
TZ12,4390.666,15.298,11.661318018778994,12.287097422222246,9.302,1.5219999999999998,6.476,0.9229999999999999,2.46,70.157,10.016,28.875999999999998,S1K3,,3.0,3.0
TZ12,4390.916,15.194,10.957848658336722,12.244820666666689,9.288,1.565,6.904,1.229,2.501,69.538,9.265,18.958,S1K3,,3.0,3.0
TZ12,4391.045999999999,14.954,10.844995788854217,13.73639266666667,9.304,1.54,6.855,1.218,2.521,70.507,8.406,12.92,S1K3,,5.0,3.0
TZ12,4391.6359999999995,8.166,8.968213780895667,8.70684800000002,9.25,1.785,7.979,1.6769999999999998,2.4930000000000003,65.688,7.4639999999999995,6.808,S1K3,,5.0,3.0
TZ12,4392.126,4.001,8.33601849679443,6.163328666666727,9.345,3.0669999999999997,10.072000000000001,2.85,2.496,64.298,12.084000000000001,3.307,S1K3,,5.0,3.0
TZ12,4393.476,4.285,8.6226683511113,7.002871020634905,9.185,1.61,8.189,1.635,2.6060000000000003,65.678,10.318,1.851,S1K3,,5.0,1.0
TZ12,4393.816,11.39,13.384801533602715,12.317161544444426,9.209,1.75,10.607999999999999,1.75,2.5810000000000004,76.725,18.645,2.827,S1K3,,5.0,1.0
TZ12,4393.936,11.116,13.053338988778181,11.421588241269859,9.251,1.716,10.492,1.695,2.541,75.89699999999999,17.705,3.26,S1K3,,5.0,1.0
TZ12,4394.085999999999,11.713,12.227148062903122,11.272783600000011,9.599,1.851,10.885,1.906,2.546,74.82,14.745999999999999,2.884,S1K3,,5.0,1.0
TZ12,4394.276,12.227,11.548412960881853,11.543569022222222,9.172,1.615,6.249,1.5519999999999998,2.533,73.735,11.255,3.343,S1K3,,5.0,1.0
TZ12,4394.456,8.969,8.571729808988568,7.397230984126972,9.164,1.432,5.807,1.389,2.5869999999999997,65.277,9.667,2.32,S1K3,,5.0,1.0
TZ12,4394.6720000000005,7.316,8.983941135650687,7.755871999999967,9.182,1.599,6.343,1.2890000000000001,2.55,65.164,8.337,5.8660000000000005,S1K3,,5.0,1.0
TZ12,4394.686,7.711,8.997132739435193,7.848503333333271,9.185,1.626,6.665,1.2830000000000001,2.549,65.215,8.296,5.903,S1K3,,5.0,1.0
TZ12,4395.021,8.6,8.751313853285364,8.678539142857158,9.24,2.18,11.25,1.2409999999999999,2.5580000000000003,65.27600000000001,9.33,2.983,S1K3,,5.0,3.0
TZ12,4395.1720000000005,9.685,8.749670504189549,9.760247333333325,9.26,1.946,10.841,0.914,2.58,67.242,10.184,1.442,S1K3,,5.0,3.0
TZ12,4395.4220000000005,10.394,9.375062441690353,10.411328666666666,9.255,1.464,9.406,0.998,2.57,68.507,9.432,2.108,S1K3,,5.0,3.0
TZ12,4395.552,11.187999999999999,9.128951627907231,10.895787333333324,9.27,1.215,8.588,0.924,2.57,67.59899999999999,7.795,2.783,S1K3,,5.0,3.0
TZ12,4396.349,10.1,10.675258229581264,10.998645333333332,9.234,1.8559999999999999,7.732,1.4709999999999999,2.521,70.892,10.904000000000002,4.078,S1K3,,5.0,3.0
TZ12,4396.4490000000005,10.8,10.740394750932971,10.973195,9.232000000000001,1.745,7.542000000000001,1.361,2.523,71.725,9.554,4.05,S1K3,,5.0,3.0
TZ12,4396.599,8.7,9.971243327784325,9.185333333333315,9.222999999999999,1.665,7.38,1.268,2.54,70.42399999999999,7.025,3.8139999999999996,S1K3,,5.0,3.0
TZ12,4396.799,5.2,7.89839196492507,6.473777999999935,9.193,1.919,7.874,2.674,2.577,64.139,7.957000000000001,2.439,S1K3,,5.0,3.0
TZ12,4396.899,7.6,7.659926024466079,7.100477333333363,9.172,2.541,10.064,2.937,2.596,64.139,8.613999999999999,1.4140000000000001,S1K3,,5.0,3.0
TZ12,4397.126,7.257000000000001,6.664627302963966,6.708359999999949,9.179,2.799,10.850999999999999,2.467,2.634,63.553000000000004,9.693999999999999,0.484,S1K3,,5.0,3.0
TZ12,4397.806,9.704,8.41000149090695,9.869526000000011,9.172,2.324,8.57,0.62,2.513,63.391999999999996,9.136000000000001,6.247000000000001,S1K3,,5.0,3.0
TZ12,4397.906,9.86,9.602651347463249,9.243947111111119,9.14,2.548,9.17,1.055,2.477,64.704,12.814,8.488999999999999,S1K3,,5.0,3.0
TZ12,4398.005999999999,11.294,10.416818454508256,10.552355999999994,9.274,3.2760000000000002,10.235,1.453,2.491,66.553,16.928,6.162000000000001,S1K3,,5.0,1.0
TZ12,4399.3679999999995,9.181000000000001,9.47274290056489,9.45979333333335,9.323,1.797,9.031,0.83,2.5340000000000003,67.025,10.165,3.741,S1K3,,5.0,1.0
TZ12,4399.518,7.84,9.745218588963908,8.850298444444462,9.342,1.8130000000000002,8.874,0.828,2.52,66.987,10.479000000000001,4.754,S1K3,,5.0,1.0
TZ12,4399.698,11.413,10.198570078482993,11.709518000000019,9.373,1.797,8.502,0.7240000000000001,2.52,67.708,10.765,5.994,S1K3,,5.0,1.0
TZ12,4399.788,11.989,10.435679272478348,12.100703999999993,9.391,1.824,8.507,0.7509999999999999,2.52,68.255,10.624,6.638,S1K3,,5.0,1.0
TZ12,4400.554,7.921,9.237746521905192,8.246205444444477,9.531,2.004,8.874,1.074,2.59,67.1,10.161,2.1430000000000002,S1K3,,5.0,1.0
TZ12,4400.936,7.54,9.50314532425122,10.645064666666666,9.531,1.952,8.449,1.015,2.549,67.722,9.379,3.14,S1K3,,5.0,1.0
TZ12,4401.196,10.14,10.286329128503976,12.234916000000016,9.537,1.9780000000000002,8.314,1.077,2.54,68.99600000000001,10.798,4.386,S1K3,,5.0,1.0
TZ12,4401.346,11.616,10.202384596071136,12.15981111111113,9.535,1.986,8.322000000000001,1.181,2.544,68.859,10.672,4.45,S1K3,,5.0,1.0
TZ12,4401.516,12.3,9.656052410276338,11.293514666666667,9.442,2.0909999999999997,8.529,1.4869999999999999,2.58,68.71600000000001,9.347000000000001,2.549,S1K3,,5.0,1.0
TZ12,4401.746,12.284,8.689631977936278,10.437099428571429,9.45,2.189,8.617,1.722,2.575,66.855,8.692,1.9580000000000002,S1K3,,5.0,1.0
TZ12,4401.896,11.698,8.708797083834925,10.56709542857143,9.462,2.1919999999999997,8.704,1.8330000000000002,2.5780000000000003,66.84899999999999,8.92,1.787,S1K3,,5.0,1.0
TZ12,4402.066,11.581,9.218080303720466,9.685054000000003,9.459,2.005,8.191,1.694,2.5140000000000002,67.211,8.124,3.928,S1K3,,5.0,1.0
TZ12,4402.276,10.59,8.885165926812897,9.629614088888893,9.419,1.906,8.179,1.751,2.499,62.733000000000004,13.344000000000001,5.659,S1K3,,5.0,1.0
TZ12,4402.436,10.201,11.344913648013984,11.532270999999994,9.427,1.791,7.928,1.6740000000000002,2.489,69.712,16.132,5.551,S1K3,,5.0,1.0
TZ12,4404.242,10.6,7.918538519364107,9.515328000000007,9.248,1.3969999999999998,8.732000000000001,2.148,2.58,64.671,7.216,2.454,S1K3,,5.0,3.0
TZ12,4404.442,8.62,8.046721660888652,8.461498666666644,9.269,1.252,8.648,1.983,2.5810000000000004,64.918,5.962000000000001,3.432,S1K3,,5.0,3.0
TZ12,4405.471,8.1,8.159399789260402,9.52905066666667,9.546,1.8969999999999998,10.405,1.8359999999999999,2.517,64.976,10.51,2.594,S1K3,,1.0,3.0
TZ12,4405.69,9.8,10.07686765222379,9.985819999999999,10.292,1.923,10.485,1.805,2.535,70.077,11.533,2.8819999999999997,S1K3,,1.0,3.0
TZ12,4405.835999999999,9.766,10.027358874030003,9.630847333333332,10.18,1.959,10.485999999999999,1.775,2.521,70.727,8.579,3.5610000000000004,S1K3,,1.0,3.0
TZ12,4405.871,12.6,10.107861970141947,10.242464666666667,10.071,1.98,10.545,1.806,2.523,71.13,8.507,3.4539999999999997,S1K3,,1.0,3.0
TZ12,4406.1359999999995,13.147,7.569117562565032,11.124904666666675,9.574,2.325,11.7,2.33,2.5540000000000003,64.407,9.798,1.758,S1K3,,5.0,3.0
TZ12,4406.316,10.780999999999999,9.426012403284973,10.935389999999991,9.582,2.228,11.459000000000001,2.22,2.53,69.421,12.993,1.9240000000000002,S1K3,,5.0,3.0
TZ12,4407.206,6.48,6.654377908002323,6.251894666666646,9.594,2.019,9.335,2.447,2.613,62.745,6.212000000000001,1.192,S1K3,,5.0,3.0
TZ12,4407.446,5.292000000000001,6.3676469263125135,5.43368866666663,9.597000000000001,2.316,12.15,2.965,2.653,63.625,8.213,0.34600000000000003,S1K3,,5.0,3.0
TZ12,4407.795999999999,4.629,6.628629204266131,5.232915333333309,9.613,2.214,11.796,2.884,2.648,65.185,9.224,0.281,S1K3,,5.0,3.0
TZ12,4408.196,7.542000000000001,8.926147472750374,8.477447333333355,9.651,2.09,9.458,2.0580000000000003,2.59,68.658,10.134,1.247,S1K3,,5.0,3.0
TZ12,4408.446,10.062000000000001,9.021766964557091,9.729518000000004,9.626,2.181,9.877,2.239,2.597,69.00399999999999,10.274000000000001,1.13,S1K3,,5.0,3.0
TZ12,4408.616,8.505,8.693667407635184,8.998156000000005,9.606,2.347,10.302,2.513,2.589,68.471,9.929,1.097,S1K3,,5.0,3.0
TZ12,4409.54,9.7,8.276323470149825,9.625681333333343,9.749,2.156,10.300999999999998,3.608,2.523,64.67699999999999,11.365,2.306,S1K3,,5.0,1.0
TZ12,4409.637,11.1,8.449762127811582,10.272459333333334,9.606,1.986,9.494,3.361,2.5140000000000002,65.15,10.658,2.505,S1K3,,5.0,1.0
TZ12,4410.127,12.276,9.68501299521204,10.67088,9.677999999999999,1.551,7.999,1.5730000000000002,2.519,69.288,6.305,3.985,S1K3,,5.0,1.0
TZ12,4410.267,11.126,8.667821958430576,10.393981199999999,9.655,1.295,7.164,0.856,2.55,66.278,5.099,3.852,S1K3,,5.0,1.0
TZ12,4410.477,6.017,8.470842904566934,7.072717999999991,9.687000000000001,1.6369999999999998,7.4639999999999995,1.27,2.5610000000000004,64.969,5.742999999999999,4.619,S1K3,,5.0,1.0
TZ12,4411.4929999999995,11.883,9.621813251548389,9.196282666666665,9.685,1.242,6.535,1.3130000000000002,2.539,67.07,7.694,5.645,S1K3,,5.0,3.0
TZ12,4411.747,13.345999999999998,10.191532383633707,12.44386333333333,9.666,1.068,6.131,1.079,2.519,67.808,7.898,8.073,S1K3,,5.0,3.0
TZ12,4411.847,11.626,10.225629145944351,11.508891999999987,9.676,1.068,6.172999999999999,1.074,2.515,67.465,8.459,8.274,S1K3,,5.0,3.0
TZ12,4411.997,12.882,10.531171571350313,12.236923333333316,9.687000000000001,1.054,6.0520000000000005,1.016,2.498,67.749,8.345,10.164,S1K3,,5.0,3.0
TZ12,4412.097,12.36,10.95138908653247,12.022979333333375,9.691,1.048,5.899,0.971,2.487,68.719,8.469,11.091,S1K3,,5.0,3.0
TZ12,4412.197,14.237,11.000947658716703,11.621705000000016,9.705,1.099,5.966,1.023,2.483,68.968,7.813,12.044,S1K3,,5.0,3.0
TZ12,4412.2970000000005,12.097999999999999,10.863723394740145,11.400226666666686,9.719,1.121,5.966,1.042,2.488,68.646,7.752999999999999,11.742,S1K3,,5.0,3.0
TZ12,4412.397,8.805,10.489692813691248,10.106617999999997,9.719,1.147,6.08,1.088,2.509,68.19,7.681,9.088,S1K3,,5.0,3.0
TZ12,4412.7970000000005,9.488999999999999,9.825934826345916,9.881388666666664,9.718,1.0759999999999998,6.795,1.124,2.541,66.693,7.742000000000001,7.497000000000001,S1K3,,5.0,3.0
TZ12,4413.147,8.201,9.842109357005839,8.88330933333334,9.817,1.094,7.362,1.235,2.546,67.193,7.85,6.417000000000001,S1K3,,5.0,3.0
TZ12,4413.347,8.304,9.436224765709808,9.276543333333338,9.843,1.376,8.51,1.9980000000000002,2.5789999999999997,67.35,7.916,3.355,S1K3,,5.0,3.0
TZ12,4413.597,8.597999999999999,9.035596721616134,8.353889809523855,9.877,1.652,9.189,2.678,2.59,66.548,10.238,0.401,S1K3,,5.0,3.0
TZ12,4414.447,7.881,8.106186455158452,6.640368542857098,9.786,1.401,8.81,1.026,2.5989999999999998,64.582,7.809,0.434,S1K3,,4.0,3.0
TZ12,4414.647,6.662000000000001,9.015062206434788,9.739688688888892,9.75,1.599,9.479,1.7790000000000001,2.528,65.499,8.804,0.848,S1K3,,4.0,3.0
TZ12,4414.897,11.770999999999999,10.305468384991455,10.074365777777777,10.027999999999999,1.8359999999999999,7.965,2.035,2.423,66.041,11.662,2.009,S1K3,,4.0,3.0
TZ12,4415.2970000000005,7.874,9.452980599011264,9.906841984126984,9.56,1.141,6.45,1.476,2.557,66.55,8.855,1.0170000000000001,S1K3,,4.0,3.0
TZ12,4415.5470000000005,5.7379999999999995,8.371847048935194,6.190715066666586,9.464,1.307,6.808,1.6880000000000002,2.6180000000000003,64.943,7.521,0.48,S1K3,,4.0,3.0
TZ12,4415.847,9.52,8.888391354485996,8.568091333333326,9.397,1.004,6.468999999999999,1.317,2.588,65.395,7.877000000000001,0.877,S1K3,,4.0,3.0
TZ12,4415.967000000001,10.205,8.860651941919237,9.52277933333334,9.368,1.075,6.6979999999999995,1.4340000000000002,2.5810000000000004,65.48100000000001,7.311,0.9129999999999999,S1K3,,4.0,3.0
TZ12,4416.087,6.47,8.329059534987255,6.854397999999973,9.335,1.1440000000000001,6.939,1.55,2.588,64.5,6.531000000000001,0.737,S1K3,,4.0,3.0
TZ12,4416.237,5.0,6.3759048723206835,6.104249999999914,9.322000000000001,1.148,6.849,1.5290000000000001,2.6189999999999998,59.681000000000004,5.151,0.46,S1K3,,4.0,3.0
TZ12-1,4325.108,10.122,10.516149001156302,11.085516,8.4,,,,2.488,67.973,13.154000000000002,1.8869999999999998,S1K3,,5.0,
TZ12-1,4325.418,12.159,12.264721385775344,12.203880666666691,8.375,,,,2.483,70.117,11.57,17.407,S1K3,1.0,5.0,
TZ12-1,4325.4490000000005,13.89,12.503685704754892,13.827471333333342,8.372,,,,2.483,70.76,11.287,24.143,S1K3,1.0,5.0,
TZ12-1,4325.588,16.622,13.41961047991274,15.40413399999988,8.363999999999999,,,,2.481,73.506,10.202,66.333,S1K3,1.0,5.0,
TZ12-1,4325.708,14.36,13.781820223479427,13.78227688888881,8.362,,,,2.478,74.85,9.742,101.417,S1K3,5.0,5.0,
TZ12-1,4325.799,14.37,13.81116589133293,13.713522222222132,8.367,,,,2.476,75.016,9.738,115.40299999999999,S1K3,5.0,5.0,
TZ12-1,4325.999,12.11,13.430739306988155,12.934529999999969,8.406,,,,2.472,73.736,9.798,90.99799999999999,S1K3,5.0,5.0,
TZ12-1,4326.269,8.91,11.627352976581083,9.352281111111104,8.494,,,,2.47,68.066,10.133,38.433,S1K3,5.0,5.0,
TZ12-1,4326.4890000000005,6.83,10.858193293561081,8.537925999999972,8.517000000000001,,,,2.481,66.906,10.068999999999999,21.365,S1K3,5.0,5.0,
TZ12-1,4330.918,7.41,8.773205924842078,8.128180333333315,8.199,,,,2.5810000000000004,64.515,9.151,0.6940000000000001,S1K3,1.0,5.0,
TZ12-1,4332.418,14.717,12.061791888940252,13.919959999999971,8.566,,,,2.5610000000000004,68.32,16.359,2.6319999999999997,S1K3,5.0,5.0,
TZ12-1,4332.438,13.038,12.035025210530755,12.646953999999987,8.557,,,,2.557,68.119,16.116,4.1339999999999995,S1K3,5.0,5.0,
TZ12-1,4332.659000000001,9.49,11.346951087290822,9.863687777777786,8.488,,,,2.524,66.084,12.370999999999999,12.620999999999999,S1K3,1.0,5.0,
TZ12-1,4333.289000000001,10.21,11.58930376418073,12.212473333333337,8.536,,,,2.64,71.031,14.085999999999999,2.039,S1K3,5.0,5.0,
TZ12-1,4333.389,11.45,13.018492646817268,11.473231333333345,8.567,,,,2.661,76.487,15.665999999999999,0.105,S1K3,5.0,5.0,
TZ12-1,4334.569,12.16,9.952931671069463,11.132319666666657,8.663,,,,2.5660000000000003,66.619,11.545,0.685,S1K3,5.0,5.0,
TZ12-1,4334.779,14.81,9.416035723422462,13.278906888888834,8.672,,,,2.533,66.327,9.648,3.213,S1K3,5.0,5.0,
TZ12-1,4334.929,12.3,9.141227632957511,12.120545333333336,8.677,,,,2.532,66.181,8.729,3.742,S1K3,5.0,5.0,
TZ12-1,4335.779,10.23,8.59672177424046,9.378125333333344,8.525,,,,2.5839999999999996,63.907,10.459000000000001,0.754,S1K3,,5.0,
TZ12-1,4336.509,10.22,8.152312269804911,7.636127466666647,8.519,,,,2.611,61.214,11.368,0.321,S1K3,5.0,5.0,
TZ12-1,4336.759,11.18,8.9231353379454,9.139250022222225,8.514,,,,2.588,62.765,13.228,0.6709999999999999,S1K3,5.0,5.0,
TZ12-1,4336.898,12.484000000000002,9.645450812761045,9.478277155555556,8.512,,,,2.585,64.98,13.465,0.747,S1K3,5.0,5.0,
TZ12-1,4337.679,13.99,11.50544311794181,11.867566666666681,8.517000000000001,,,,2.52,69.669,12.099,5.008,S1K3,5.0,5.0,
TZ12-1,4337.918,12.328,11.478991595991888,12.094351333333375,8.522,,,,2.512,69.48100000000001,11.540999999999999,7.018,S1K3,5.0,5.0,
TZ12-1,4338.289000000001,11.95,9.820610424611813,11.193171999999986,8.519,,,,2.531,65.90899999999999,10.384,3.9219999999999997,S1K3,5.0,5.0,
TZ12-1,4339.369000000001,6.69,8.243275441999455,7.135518000000003,8.479,,,,2.593,64.422,11.288,0.58,S1K3,5.0,5.0,
TZ12-1,4339.6990000000005,11.31,7.7261040135786345,7.451744000000005,8.443,,,,2.574,62.751999999999995,11.25,1.0659999999999998,S1K3,5.0,5.0,
TZ12-1,4340.049,13.68,8.670068359997813,11.666138666666676,8.459,,,,2.516,63.397,10.280999999999999,5.297999999999999,S1K3,,5.0,
TZ12-1,4340.429,11.02,10.317271357277088,11.431783333333328,8.52,,,,2.519,66.546,10.607000000000001,5.7620000000000005,S1K3,,5.0,
TZ12-1,4340.9890000000005,12.36,10.74459313407744,12.408562000000051,8.521,,,,2.546,68.223,11.929,2.479,S1K3,5.0,5.0,
TZ12-1,4341.358,12.469000000000001,10.391876535669446,12.297576000000037,8.522,,,,2.543,68.575,12.450999999999999,2.467,S1K3,5.0,5.0,
TZ12-1,4341.809,12.26,9.58572668345871,11.386464000000016,8.511000000000001,,,,2.532,66.835,11.561,4.041,S1K3,5.0,5.0,
TZ12-1,4342.349,7.44,8.310223555860427,8.12946199999997,8.516,,,,2.506,63.868,10.885,9.613999999999999,S1K3,5.0,5.0,
TZ12-1,4342.628,7.822,9.915958648986393,8.857390666666682,8.51,,,,2.64,72.316,11.76,0.295,S1K3,5.0,5.0,
TZ12-1,4343.229,5.53,5.142006913991303,5.578983333333288,8.537,,,,2.6180000000000003,57.88,8.686,0.261,S1K3,5.0,5.0,
TZ12-1,4344.128,11.185,10.990943908616675,11.407556666666657,8.504,,,,2.563,70.283,9.748,1.061,S1K3,5.0,5.0,
TZ12-1,4344.299,12.41,11.270948306026858,12.455560666666692,8.508,,,,2.53,69.648,9.935,1.859,S1K3,5.0,5.0,
TZ12-1,4344.889,12.47,11.76261845860669,11.98981986666669,8.516,,,,2.456,68.536,12.347000000000001,40.442,S1K3,,5.0,
TZ12-1,4345.4490000000005,14.17,10.82791138411583,13.406533333333384,8.517000000000001,,,,2.523,68.219,10.402000000000001,8.596,S1K3,,5.0,
TZ12-1,4346.168,5.289,5.950773169679675,5.711214666666621,8.513,,,,2.657,59.665,9.033999999999999,0.08,S1K3,,5.0,
TZ12-1,4346.499,5.12,6.191200082123027,5.352643999999982,8.512,,,,2.64,61.028,7.716,0.15,S1K3,,5.0,
TZ12-1,4347.208,7.13,7.981104983601203,6.389307333333276,8.48,,,,2.6260000000000003,63.585,5.715,0.207,S1K3,,5.0,
TZ12-2,4329.572,16.6,12.695655055300357,15.707256666666773,8.582,,,,2.509,71.235,13.345,1.902,S1K3,,5.0,
TZ12-2,4329.822,16.699,13.529126561254447,15.311208666666676,8.56,,,,2.479,71.762,14.058,3.1639999999999997,S1K3,,5.0,
TZ12-2,4329.972,14.934000000000001,13.88881678896627,14.88034799999993,8.546,,,,2.444,71.72399999999999,13.130999999999998,5.564,S1K3,,5.0,
TZ12-2,4330.032,14.92,13.946241970986845,14.745652844444386,8.544,,,,2.4330000000000003,71.654,12.713,6.547000000000001,S1K3,,5.0,
TZ12-2,4330.222,14.574000000000002,13.293012087005845,14.097290000000019,8.582,,,,2.447,70.78699999999999,11.806,5.422000000000001,S1K3,,5.0,
TZ12-2,4330.443,12.094000000000001,11.611608464560137,11.82312311111112,8.639,,,,2.52,68.939,11.95,1.805,S1K3,,5.0,
TZ12-2,4330.673,9.079,10.455294458692423,9.425643333333323,8.646,,,,2.571,67.005,14.592,0.861,S1K3,,5.0,
TZ12-2,4330.722,9.731,10.391980855170175,9.72760133333333,8.645,,,,2.572,66.642,15.367,0.7290000000000001,S1K3,,5.0,
TZ12-2,4330.822,9.29,10.48042134666726,9.515443444444436,8.651,,,,2.5610000000000004,66.07600000000001,16.405,0.732,S1K3,,5.0,
TZ12-2,4330.923,8.921,10.58651051987924,9.25844526666667,8.658999999999999,,,,2.546,65.627,16.68,0.892,S1K3,,5.0,
TZ12-2,4331.072,9.058,10.602768308049493,9.137329800000026,8.662,,,,2.526,65.149,15.889000000000001,1.308,S1K3,5.0,5.0,
TZ12-2,4331.222,7.76,10.48720925056095,9.02986913333333,8.651,,,,2.515,64.88,14.824000000000002,1.669,S1K3,5.0,5.0,
TZ12-2,4331.322,6.836,10.428219323122066,8.885661333333326,8.645,,,,2.512,64.816,14.427999999999999,1.7069999999999999,S1K3,5.0,5.0,
TZ12-2,4331.523,8.81,10.51303332247492,8.660128288888865,8.645,,,,2.506,64.953,14.243,1.77,S1K3,5.0,5.0,
TZ12-2,4331.572,8.351,10.565769119652888,8.472394977777764,8.647,,,,2.505,65.045,14.255999999999998,1.795,S1K3,5.0,5.0,
TZ12-2,4331.673,7.651,10.733761168086925,8.037187222222245,8.644,,,,2.504,65.419,14.283,1.8630000000000002,S1K3,5.0,5.0,
TZ12-2,4331.793,6.226,10.951352939244108,7.5453700888888875,8.638,,,,2.5069999999999997,66.01100000000001,14.261,1.8769999999999998,S1K3,5.0,5.0,
TZ12-2,4332.173,13.214,12.021697130664142,13.067447888888893,8.654,,,,2.5789999999999997,69.297,14.767999999999999,1.666,S1K3,5.0,5.0,
TZ12-2,4332.222,13.692,12.19201996091332,13.363452666666722,8.654,,,,2.5839999999999996,69.792,14.917,1.6969999999999998,S1K3,5.0,5.0,
TZ12-2,4332.472,12.649000000000001,12.368500514045468,13.06200266666666,8.655,,,,2.5839999999999996,70.987,15.395,1.15,S1K3,5.0,5.0,
TZ12-2,4332.773,9.531,10.69850573094942,9.985818666666665,8.642000000000001,,,,2.583,67.84899999999999,15.975999999999999,0.5579999999999999,S1K3,5.0,5.0,
TZ12-2,4332.852,8.535,10.250644134765924,9.636606666666667,8.639,,,,2.58,66.70100000000001,15.705,0.547,S1K3,5.0,5.0,
TZ12-2,4333.022,9.531,9.493884537239953,9.400082399999983,8.636000000000001,,,,2.5660000000000003,64.944,14.947000000000001,0.654,S1K3,5.0,5.0,
TZ12-2,4333.373,8.391,9.381850416761825,9.881774333333329,8.629,,,,2.549,64.88,15.012,0.01,S1K3,5.0,5.0,
TZ12-2,4333.623,10.975,10.56165420116989,10.374279555555555,8.636000000000001,,,,2.525,65.984,14.856,0.905,S1K3,5.0,5.0,
TZ12-2,4333.723,11.999,11.076791139955665,10.902775333333334,8.638,,,,2.517,66.695,14.527999999999999,1.281,S1K3,5.0,5.0,
TZ12-2,4334.123,13.31,11.861718454710623,12.845279000000009,8.654,,,,2.525,68.205,13.860999999999999,2.928,S1K3,1.0,5.0,
TZ12-2,4334.232,10.64,11.593849333739213,11.958267999999991,8.655,,,,2.543,67.87,13.786,2.583,S1K3,5.0,5.0,
TZ12-2,4334.322,11.177,11.105699418124434,11.137803466666679,8.652999999999999,,,,2.5660000000000003,67.3,13.864,1.7619999999999998,S1K3,5.0,5.0,
TZ12-2,4334.442,9.912,10.20241607805614,9.16867180952382,8.65,,,,2.603,66.39399999999999,14.087,0.998,S1K3,5.0,5.0,
TZ12-2,4334.4929999999995,7.603,9.778741483684682,7.82839049999999,8.649,,,,2.6189999999999998,66.005,14.197000000000001,0.943,S1K3,5.0,5.0,
TZ12-2,4334.873,5.525,7.346006232829698,6.505683999999949,8.646,,,,2.695,63.966,15.138,0.035,S1K3,2.0,5.0,
TZ12-2,4334.973,5.482,7.1039354733328,5.864605333333239,8.648,,,,2.7030000000000003,63.553999999999995,15.395999999999999,0.019,S1K3,5.0,5.0,
TZ12-2,4335.1720000000005,5.005,7.0277423786762245,5.756009333333325,8.658,,,,2.7119999999999997,62.818000000000005,15.607000000000001,0.006,S1K3,5.0,5.0,
TZ12-2,4335.7970000000005,4.8,7.7640259010212755,5.4800233333333335,8.664,,,,2.6719999999999997,64.071,16.415,0.059000000000000004,S1K3,5.0,5.0,
TZ12-2,4335.947,4.283,7.7089785967480475,5.929587333333325,8.687000000000001,,,,2.668,63.865,17.498,0.061,S1K3,3.0,5.0,
TZ12-2,4338.728,5.046,9.812331215569632,9.077715111111111,8.526,,,,2.582,65.212,14.702,0.591,S1K3,2.0,2.0,
TZ12-2,4339.0470000000005,10.79,11.386695067816463,11.244862666666664,8.644,,,,2.5580000000000003,68.188,13.550999999999998,1.6380000000000001,S1K3,4.0,2.0,
TZ12-2,4339.248,12.712,11.612351069912418,12.518596666666642,8.665,,,,2.5540000000000003,68.314,13.555,1.8719999999999999,S1K3,2.0,2.0,
TZ12-2,4339.2970000000005,11.1,11.420423061185346,11.16237933333332,8.665,,,,2.5580000000000003,67.962,13.648,1.646,S1K3,2.0,2.0,
TZ12-2,4339.3679999999995,10.667,11.132194320609267,10.780218666666665,8.664,,,,2.5639999999999996,67.44,13.782,1.318,S1K3,2.0,2.0,
TZ12-2,4339.447,11.649000000000001,10.739844736016043,9.921402133333334,8.662,,,,2.571,66.778,13.909,0.996,S1K3,2.0,2.0,
TZ12-2,4339.527,10.056000000000001,10.36298352421193,9.701686133333338,8.657,,,,2.576,66.135,14.003,0.785,S1K3,,2.0,
TZ12-2,4339.947,6.655,11.220180484203695,8.455692666666701,8.679,,,,2.515,66.679,13.681,1.133,S1K3,,2.0,
TZ12-2,4340.0470000000005,6.541,11.96349469448132,10.613642666666669,8.711,,,,2.491,67.753,13.627,1.79,S1K3,,5.0,
TZ12-2,4340.228,8.508,12.93020139711414,9.614454222222228,8.764,,,,2.467,69.207,13.769,3.5380000000000003,S1K3,1.0,5.0,
TZ12-2,4340.248,9.691,13.051215867479359,10.353223777777778,8.771,,,,2.464,69.388,13.812000000000001,3.8110000000000004,S1K3,1.0,5.0,
TZ12-2,4340.397,11.98,13.139576913823934,11.895051600000015,8.776,,,,2.467,69.501,13.82,4.968999999999999,S1K3,5.0,5.0,
TZ12-2,4340.5470000000005,13.452,12.882590824090142,12.448419022222197,8.757,,,,2.476,68.994,13.484000000000002,4.809,S1K3,5.0,5.0,
TZ12-2,4340.947,12.376,12.482846905624633,12.229471555555518,8.737,,,,2.4930000000000003,68.803,12.36,4.255,S1K3,5.0,5.0,
TZ12-2,4341.177,11.311,12.329658004334188,11.726654666666636,8.752,,,,2.502,68.778,12.844000000000001,3.819,S1K3,5.0,5.0,
TZ12-2,4341.397,10.687999999999999,11.920720808521533,10.89164133333333,8.737,,,,2.523,68.15899999999999,14.103,2.3169999999999997,S1K3,5.0,5.0,
TZ12-2,4341.498,11.707,11.736779383899272,11.365544000000003,8.728,,,,2.5340000000000003,67.973,14.732000000000001,1.8730000000000002,S1K3,5.0,5.0,
TZ12-2,4341.598,10.558,11.485861394159606,10.880143333333326,8.714,,,,2.545,67.82,15.103,1.46,S1K3,5.0,5.0,
TZ12-2,4341.697,8.532,11.153213500333372,11.042141999999995,8.695,,,,2.5540000000000003,67.625,15.2,1.07,S1K3,5.0,5.0,
TZ12-2,4341.7970000000005,9.542,10.577813845601518,9.73155933333334,8.673,,,,2.565,67.04,15.097000000000001,0.768,S1K3,5.0,5.0,
TZ12-2,4342.697,6.121,9.954050645779633,7.187134444444371,8.666,,,,2.617,65.102,13.95,0.626,S1K3,5.0,5.0,
TZ12-2,4342.917,7.731,10.69433253939397,8.957941022222252,8.682,,,,2.574,66.309,13.687000000000001,1.344,S1K3,5.0,5.0,
TZ12-2,4343.0470000000005,11.147,10.480241081647277,10.209680041269841,8.685,,,,2.576,65.998,13.609000000000002,1.2209999999999999,S1K3,5.0,5.0,
TZ12-2,4343.2970000000005,9.276,9.783760917739544,9.177098107936507,8.681000000000001,,,,2.594,65.301,13.025,0.7709999999999999,S1K3,5.0,5.0,
TZ12-2,4343.447,10.075,9.580353982056671,9.530613441269834,8.672,,,,2.593,65.682,12.955,0.684,S1K3,5.0,5.0,
TZ12-2,4343.5470000000005,9.894,9.545405594436268,9.610574577777781,8.658999999999999,,,,2.589,66.16199999999999,13.37,0.5870000000000001,S1K3,5.0,5.0,
TZ12-2,4343.697,9.085,9.623665088357143,9.176918222222204,8.626,,,,2.583,66.783,14.41,0.489,S1K3,5.0,5.0,
TZ12-2,4343.7970000000005,8.931000000000001,9.894791151329748,9.536725333333333,8.599,,,,2.568,66.975,15.055,0.503,S1K3,5.0,5.0,
TZ12-2,4343.897,9.612,10.320343058607605,9.594231,8.572000000000001,,,,2.542,67.054,15.437000000000001,0.43200000000000005,S1K3,5.0,5.0,
TZ12-2,4344.2970000000005,11.231,10.903145318306084,11.659617333333323,8.556000000000001,,,,2.523,68.268,14.232999999999999,1.395,S1K3,4.0,5.0,
TZ12-2,4344.478,10.718,10.500753806654298,10.92399944444444,8.574,,,,2.537,68.532,14.658,0.924,S1K3,4.0,5.0,
TZ12-2,4344.598,10.592,10.242302284217152,10.663403666666673,8.593,,,,2.54,68.351,14.800999999999998,0.8029999999999999,S1K3,4.0,5.0,
TZ12-2,4345.098,10.886,9.560979995655675,10.908304666666664,8.644,,,,2.556,67.955,12.591,0.8240000000000001,S1K3,5.0,5.0,
TZ12-2,4345.647,4.615,7.113037654187415,5.080690384127011,8.665,,,,2.6260000000000003,63.50899999999999,11.062999999999999,0.217,S1K3,5.0,5.0,
TZ12-2,4345.848,5.606,7.221542692960873,5.53343058412699,8.695,,,,2.635,64.131,11.373,0.172,S1K3,3.0,5.0,
TZ12-2,4345.998,5.295,7.758488887383244,5.888662161904761,8.703,,,,2.645,65.081,12.190999999999999,0.155,S1K3,3.0,5.0,
TZ12-2,4346.248,5.942,8.995446424392966,6.635494666666623,8.677,,,,2.633,65.881,12.69,0.247,S1K3,5.0,4.0,
TZ12-2,4346.498,9.975,10.178429278163453,10.104906000000003,8.623,,,,2.582,67.05,11.703,1.1440000000000001,S1K3,3.0,4.0,
TZ12-2,4346.947,11.11,12.769102406737053,12.444562333333305,8.644,,,,2.475,75.248,10.897,3.145,S1K3,5.0,4.0,
TZ12-2,4349.923,10.89,10.5141352190101,10.439992000000002,8.58,,,,2.5639999999999996,67.009,11.407,1.526,S1K3,5.0,4.0,
TZ12-2,4350.222,9.579,10.788977329880325,9.220246000000007,8.626,,,,2.557,65.679,10.795,3.02,S1K3,5.0,5.0,
TZ12-2,4350.323,8.802999999999999,10.954849349528983,9.054184000000008,8.619,,,,2.556,65.7,10.969000000000001,4.018,S1K3,5.0,5.0,
TZ12-2,4350.403,8.28,11.178228047828318,8.931656000000016,8.596,,,,2.55,65.92,11.182,4.962,S1K3,5.0,5.0,
TZ12-2,4350.722,7.525,12.386100855107651,9.172240555555549,8.418,,,,2.497,67.83,11.626,12.57,S1K3,5.0,5.0,
TZ12-2,4351.093,13.174000000000001,13.511103226545888,12.96934575555554,8.465,,,,2.461,70.436,11.995999999999999,17.747,S1K3,5.0,1.0,
TZ12-2,4351.323,12.607999999999999,13.770023298724858,13.67241977777774,8.408999999999999,,,,2.444,70.961,12.275,19.195,S1K3,5.0,1.0,
TZ12-2,4351.423,13.454,13.44664350903908,13.197307022222203,8.407,,,,2.44,70.408,11.630999999999998,18.442,S1K3,5.0,1.0,
TZ12-2,4351.722,10.212,11.0415080646139,10.486922666666668,8.452,,,,2.499,66.29899999999999,9.318999999999999,7.949,S1K3,1.0,1.0,
TZ127,4345.608,4.317,6.760844537926993,6.896429333333344,8.565,2.944,17.367,1.475,2.678,63.86,14.467,0.076,S1K3,6.0,6.0,
TZ127,4346.208,5.175,7.71534430521123,5.479170888888919,8.559,2.206,12.937999999999999,2.853,2.633,64.426,11.589,0.3,S1K3,6.0,5.0,
TZ127,4346.338,4.2219999999999995,7.652395658456927,5.233368888888898,8.558,2.136,12.485,3.025,2.6189999999999998,63.706,11.524000000000001,0.446,S1K3,1.0,5.0,
TZ127,4346.458,4.369,7.756308106105109,5.034837666666674,8.554,2.117,12.273,2.967,2.6010000000000004,63.303000000000004,11.665999999999999,0.657,S1K3,5.0,5.0,
TZ127,4346.598,4.315,8.26495957549199,5.011908222222232,8.552,2.137,12.18,2.758,2.585,64.24600000000001,11.92,0.912,S1K3,5.0,5.0,
TZ127,4346.758,4.748,8.714546974341472,5.544022666666569,8.548,2.191,12.187999999999999,2.557,2.585,65.717,12.31,0.9209999999999999,S1K3,5.0,5.0,
TZ127,4346.858,6.146,8.672946573810837,6.1353939999999705,8.543,2.28,12.248,2.418,2.592,65.96300000000001,12.612,0.774,S1K3,5.0,5.0,
TZ127,4347.108,6.818,8.386846256406836,6.476534828571451,8.54,2.487,12.312999999999999,2.1319999999999997,2.6039999999999996,65.686,13.239,0.56,S1K3,2.0,6.0,
TZ127,4347.5779999999995,7.26,8.688404932807474,7.400352673015908,8.547,1.916,11.773,2.516,2.5789999999999997,64.23100000000001,13.63,1.117,S1K3,5.0,6.0,
TZ127,4347.838,9.832,10.51738004705928,11.008479333333332,8.542,1.69,11.039000000000001,2.262,2.525,67.298,14.747,2.7760000000000002,S1K3,6.0,6.0,
TZ127,4347.907999999999,10.627,11.015183344958558,11.354987111111118,8.542,1.683,10.877,2.211,2.512,68.2,15.114,3.332,S1K3,6.0,6.0,
TZ127,4348.048,13.859000000000002,11.9718845392415,13.789214666666686,8.545,1.7269999999999999,10.665,2.1959999999999997,2.49,70.031,15.979000000000001,4.005,S1K3,6.0,5.0,
TZ127,4348.218,15.475,12.54334751715436,15.102723333333316,8.547,1.9169999999999998,10.171,2.267,2.477,71.15100000000001,16.982,3.842,S1K3,6.0,5.0,
TZ127,4348.468,16.113,13.039103197649071,15.809306666666593,8.545,2.168,9.89,2.533,2.483,73.193,18.389,3.15,S1K3,6.0,5.0,
TZ127,4348.548,16.2,13.450733806208298,15.593752666666614,8.546,2.251,9.926,2.7560000000000002,2.488,75.025,18.72,2.775,S1K3,6.0,5.0,
TZ127,4348.608,15.165,13.406192513914728,14.685723333333382,8.548,2.296,9.955,2.891,2.49,75.289,18.844,2.5660000000000003,S1K3,6.0,5.0,
TZ127,4348.678,9.54,13.277946538386356,11.134960044444432,8.551,2.343,9.988,3.032,2.4930000000000003,75.374,18.967,2.3409999999999997,S1K3,5.0,5.0,
TZ127,4348.958,6.735,11.529515081912038,8.168760920634952,8.564,2.411,10.244000000000002,3.1010000000000004,2.528,72.193,18.811,1.395,S1K3,5.0,5.0,
TZ127,4349.048,5.308,10.326992301015594,6.760712933333311,8.564,2.428,10.318,3.093,2.553,69.42699999999999,18.497,1.04,S1K3,5.0,5.0,
TZ127,4349.148,11.520999999999999,8.88909748324109,10.119077333333333,8.561,2.444,10.377,3.085,2.5810000000000004,66.062,18.09,0.732,S1K3,5.0,5.0,
TZ127,4349.268,8.033999999999999,7.741285206433588,7.632108333333305,8.557,2.377,10.603,2.951,2.605,63.513000000000005,17.759,0.5489999999999999,S1K3,5.0,5.0,
TZ127,4349.468,8.452,7.685733167714439,8.08417466666668,8.55,1.902,11.515,2.333,2.6039999999999996,62.951,17.797,0.755,S1K3,5.0,5.0,
TZ127,4350.458,9.399,12.856435219403135,10.259092444444445,8.615,2.046,14.747,2.7910000000000004,2.524,74.57600000000001,20.037,1.435,S1K3,5.0,5.0,
TZ127,4350.638,8.471,11.805587414653882,8.995515666666671,8.63,2.123,14.06,3.9960000000000004,2.542,72.66199999999999,21.523000000000003,0.9279999999999999,S1K3,5.0,5.0,
TZ127,4351.038,10.770999999999999,9.806374575154202,9.516029333333336,8.617,2.049,13.07,4.001,2.546,67.157,19.469,0.7509999999999999,S1K3,5.0,5.0,
TZ127,4351.468,15.379000000000001,13.400452952350161,15.48759961111109,8.609,1.8130000000000002,12.873,2.728,2.439,74.078,17.838,3.803,S1K3,4.0,5.0,
TZ127,4351.668,16.327,14.187618756889584,15.173817912698459,8.6,1.8519999999999999,12.800999999999998,2.637,2.431,76.691,17.492,4.248,S1K3,5.0,5.0,
TZ127,4352.058,17.567999999999998,13.941364368061528,12.812682388888907,8.533999999999999,2.115,12.370999999999999,2.489,2.44,76.90100000000001,17.088,3.412,S1K3,5.0,4.0,
TZ127,4352.157999999999,14.975999999999999,13.558967647319047,13.053580823809536,8.526,2.174,12.207,2.463,2.456,76.062,16.974,3.003,S1K3,5.0,4.0,
TZ127,4352.268,13.127,12.859954813570369,13.446390688888888,8.522,2.234,12.026,2.438,2.479,74.575,16.575,2.642,S1K3,5.0,4.0,
TZ127,4352.548,9.994,11.192547613042466,11.455410000000015,8.524,2.291,11.583,2.532,2.522,70.958,15.119000000000002,1.845,S1K3,5.0,4.0,
TZ127,4352.848,10.602,11.123230905989864,12.319753999999996,8.522,2.312,11.272,2.72,2.512,70.297,15.085999999999999,2.0,S1K3,4.0,4.0,
TZ127,4353.128,6.6579999999999995,10.405662384149302,8.387573333333314,8.527999999999999,2.414,11.508,2.91,2.545,70.02600000000001,14.068,1.266,S1K3,4.0,5.0,
TZ127,4353.358,6.102,9.293085493053187,7.695329333333291,8.536,2.617,12.220999999999998,2.9219999999999997,2.576,68.25,13.562999999999999,0.816,S1K3,4.0,5.0,
TZ127,4353.458,11.535,9.390459097621934,9.134603333333342,8.536,2.66,12.449000000000002,2.8739999999999997,2.5669999999999997,68.48899999999999,13.859000000000002,0.736,S1K3,4.0,5.0,
TZ127,4353.518,9.697000000000001,9.566256974184915,9.484463333333352,8.536,2.677,12.508,2.8510000000000004,2.557,68.836,14.127,0.7440000000000001,S1K3,5.0,5.0,
TZ127,4353.588,11.331,9.896274551703796,10.651008177777781,8.532,2.694,12.382,2.8280000000000003,2.541,69.458,14.533,0.84,S1K3,5.0,5.0,
TZ127,4353.668,12.543,10.353400548668452,10.26030311111111,8.526,2.719,11.967,2.793,2.52,70.286,14.992,1.056,S1K3,5.0,5.0,
TZ127,4353.748,13.42,10.764022677284686,12.872804000000023,8.52,2.7460000000000004,11.495,2.7489999999999997,2.504,71.031,15.378,1.344,S1K3,5.0,5.0,
TZ127,4353.848,12.944,11.02095045957862,12.621319333333364,8.515,2.7689999999999997,11.071,2.682,2.496,71.381,15.648,1.6740000000000002,S1K3,5.0,5.0,
TZ127,4353.898,13.228,11.070060223313122,12.601622000000031,8.514,2.7760000000000002,10.907,2.65,2.495,71.36399999999999,15.722999999999999,1.8619999999999999,S1K3,5.0,5.0,
TZ127,4353.968,11.76,10.896247404017092,11.513036666666665,8.515,2.7689999999999997,10.812999999999999,2.623,2.503,70.811,15.682,1.7690000000000001,S1K3,5.0,5.0,
TZ127,4354.128,8.588,9.998933066207119,9.072535333333347,8.521,2.7089999999999996,10.658,2.614,2.542,68.76899999999999,15.085999999999999,1.242,S1K3,5.0,2.0,
TZ127,4354.238,6.311,9.293968996126862,7.433670666666721,8.522,2.6319999999999997,10.459000000000001,2.7110000000000003,2.571,67.554,14.323,0.917,S1K3,5.0,2.0,
TZ127,4354.348,6.827000000000001,8.59724269548912,6.75105733333335,8.519,2.524,10.254000000000001,2.903,2.594,66.414,13.454,0.701,S1K3,5.0,2.0,
TZ127,4354.407999999999,5.27,8.362721022238699,5.807391999999957,8.517000000000001,2.451,10.177999999999999,3.053,2.597,65.949,13.124,0.675,S1K3,5.0,2.0,
TZ127,4355.1179999999995,4.252,6.838515087891031,5.052665333333367,8.525,2.142,12.501,3.3310000000000004,2.615,62.125,10.838,0.49,S1K3,5.0,5.0,
TZ127,4355.198,6.646,6.756048936649176,6.274270166666715,8.529,2.197,14.285,2.799,2.613,62.783,10.571,0.42100000000000004,S1K3,5.0,5.0,
TZ127,4355.278,6.502999999999999,6.590483377755158,6.423615166666604,8.53,2.246,16.183,2.259,2.611,63.298,10.249,0.39299999999999996,S1K3,5.0,5.0,
TZ127,4355.358,6.667000000000001,6.390337857016421,6.687832666666702,8.529,2.282,17.842,1.781,2.611,63.583,9.852,0.377,S1K3,5.0,5.0,
TZ127,4355.407999999999,7.296,6.267741312589039,7.056123333333371,8.527999999999999,2.291,18.619,1.581,2.612,63.733000000000004,9.557,0.368,S1K3,2.0,5.0,
TZ127,4355.478,6.809,6.2588174428407015,6.55791133333325,8.527999999999999,2.218,18.081,1.557,2.615,63.82,9.312000000000001,0.369,S1K3,2.0,5.0,
TZ127,4355.968,6.502999999999999,7.738736508193767,7.0605033333332745,8.541,1.915,11.690999999999999,1.847,2.563,60.858000000000004,11.44,1.319,S1K3,2.0,5.0,
TZ127,4356.048,7.845,8.497682235462584,8.172711333333298,8.536,1.93,11.325,1.895,2.539,62.22,12.026,1.874,S1K3,2.0,5.0,
TZ127,4356.157999999999,10.285,9.607619707883751,9.789479333333341,8.536,1.959,10.770999999999999,1.993,2.515,64.82300000000001,12.752,2.622,S1K3,5.0,5.0,
TZ127,4356.298,12.054,10.785464450319571,11.942876000000007,8.543,2.0269999999999997,10.357000000000001,2.1790000000000003,2.501,68.058,13.644,3.023,S1K3,5.0,5.0,
TZ127,4356.388,13.088,11.25224031713274,13.136937999999981,8.547,2.074,10.357000000000001,2.271,2.5,69.57600000000001,14.147,2.9010000000000002,S1K3,5.0,5.0,
TZ127,4356.657999999999,12.765999999999998,10.969092691273058,12.824405333333308,8.539,2.117,10.572000000000001,2.388,2.516,69.952,14.434000000000001,2.119,S1K3,5.0,5.0,
TZ127,4356.928,10.911,9.515972198545374,10.682891333333329,8.503,2.109,10.868,2.541,2.539,66.851,13.019,1.7169999999999999,S1K3,4.0,5.0,
TZ127,4357.008,10.137,9.224878627448216,9.94237453333334,8.501,2.117,10.962,2.603,2.537,66.044,12.795,1.722,S1K3,4.0,6.0,
TZ127,4357.238,7.4639999999999995,9.366226283396792,7.978495333333322,8.562000000000001,2.197,11.344000000000001,2.6489999999999996,2.5269999999999997,66.564,13.892000000000001,1.7730000000000001,S1K3,5.0,6.0,
TZ127,4357.288,6.077999999999999,9.323030520029086,7.249627999999959,8.577,2.209,11.437999999999999,2.634,2.529,66.592,14.47,1.76,S1K3,5.0,6.0,
TZ127,4358.138,13.234000000000002,10.947799621684885,10.351898222222223,8.57,2.779,16.663,2.202,2.517,72.248,14.126,1.185,S1K3,6.0,2.0,
TZ127,4358.288,11.985,9.69807722327299,10.953402000000008,8.566,2.805,16.636,2.6710000000000003,2.539,67.71,13.953,0.851,S1K3,2.0,2.0,
TZ127,4358.407999999999,8.145,9.252132563445976,8.480443111111107,8.566,2.81,17.017,2.7510000000000003,2.562,66.005,14.663,0.622,S1K3,2.0,2.0,
TZ127,4358.738,4.02,8.242109743928445,4.934273999999944,8.556000000000001,2.8,19.184,2.181,2.6180000000000003,65.483,15.4,0.31,S1K3,2.0,2.0,
TZ127,4359.008,7.984,8.305019889123596,7.34538483333332,8.564,2.766,20.671999999999997,1.6540000000000001,2.596,66.551,14.811,0.332,S1K3,5.0,6.0,
TZ127,4359.208,8.414,8.903379560027838,8.863687733333315,8.578,2.505,20.406,1.591,2.568,67.433,14.503,0.6659999999999999,S1K3,1.0,6.0,
TZ127,4359.458,8.934,9.402365551463133,9.125108666666666,8.582,2.093,18.090999999999998,1.9380000000000002,2.555,68.068,14.360999999999999,0.965,S1K3,1.0,6.0,
TZ127,4359.528,9.104,9.490832122689419,9.119757333333347,8.58,2.044,17.476,1.992,2.556,68.24600000000001,14.265999999999998,1.008,S1K3,1.0,6.0,
TZ127,4359.778,12.132,9.630260269510817,10.478730666666666,8.574,1.913,15.280999999999999,2.044,2.553,68.5,13.338,1.249,S1K3,6.0,6.0,
TZ127,4360.068,13.921,10.031542356869048,12.71084577777777,8.578,1.828,13.520999999999999,2.129,2.523,69.303,11.195,1.719,S1K3,6.0,6.0,
TZ127,4360.218,13.212,10.170696155587132,12.829801222222235,8.581,1.798,12.892999999999999,2.184,2.508,69.13,10.982000000000001,2.1180000000000003,S1K3,6.0,6.0,
TZ127,4360.478,12.172,9.99073675432739,12.017465333333343,8.531,1.639,9.857000000000001,2.675,2.516,67.89,10.978,2.839,S1K3,6.0,6.0,
TZ127,4360.598,9.831,9.161102105749181,9.57094333333333,8.49,1.598,8.823,2.7560000000000002,2.541,65.447,10.595999999999998,2.8739999999999997,S1K3,6.0,6.0,
TZ127,4362.462,14.954,11.722172824002119,14.062768000000004,8.517999999999999,2.9189999999999996,12.765,1.764,2.487,70.169,14.21,2.024,S1K3,6.0,6.0,
TZ127,4362.552,10.101,10.827414802685444,10.819849333333327,8.506,2.676,12.110999999999999,1.422,2.502,66.78699999999999,13.681,2.218,S1K3,6.0,6.0,
TZ127,4362.612,8.289,10.210367887433161,9.068329999999998,8.505,2.4859999999999998,11.78,1.252,2.516,64.69800000000001,13.460999999999999,2.246,S1K3,6.0,6.0,
TZ127,4362.682,5.9670000000000005,9.68470817041759,8.602116888888887,8.511000000000001,2.272,11.488,1.121,2.5340000000000003,63.147,13.253,2.4530000000000003,S1K3,6.0,6.0,
TZ127,4362.752,7.26,9.377474634778935,7.776478666666685,8.524,2.101,11.284,1.013,2.555,62.626000000000005,13.001,2.714,S1K3,6.0,6.0,
TZ127,4362.962,7.231,8.9793978241737,7.387898666666664,8.574,1.9469999999999998,11.203,0.858,2.583,63.052,11.922,3.321,S1K3,6.0,6.0,
TZ127,4363.021,7.89,8.939296641748872,8.057709999999997,8.582,1.9769999999999999,11.8,1.026,2.5810000000000004,63.4,11.832,2.904,S1K3,6.0,5.0,
TZ127,4363.102,8.533999999999999,8.889500839175435,8.206813999999987,8.592,2.012,12.706,1.385,2.577,63.908,11.748,1.6159999999999999,S1K3,6.0,5.0,
TZ127,4363.1720000000005,9.92,8.902969726105557,9.378918666666648,8.593,2.032,13.515999999999998,1.847,2.575,64.5,12.044,1.314,S1K3,6.0,5.0,
TZ127,4363.262,8.092,8.928508887075257,8.560572888888924,8.595,2.045,14.472000000000001,2.5340000000000003,2.574,65.29899999999999,12.507,0.978,S1K3,6.0,5.0,
TZ127,4363.332,8.808,9.033562677534775,9.050095511111131,8.595,2.023,14.716,2.926,2.575,66.039,12.922,0.8540000000000001,S1K3,6.0,5.0,
TZ127,4363.452,10.679,9.210862786160803,9.915817333333333,8.597000000000001,2.016,14.814,2.986,2.577,67.045,13.26,0.7559999999999999,S1K3,6.0,5.0,
TZ127,4363.542,11.540999999999999,9.199902063159788,11.064072000000008,8.597999999999999,2.005,15.065999999999999,3.083,2.5789999999999997,67.37100000000001,13.299000000000001,0.6859999999999999,S1K3,6.0,5.0,
TZ127,4363.652,9.331,8.926559588917097,9.144820444444454,8.597000000000001,1.974,16.233,3.4,2.583,67.188,13.206,0.5710000000000001,S1K3,6.0,5.0,
TZ127,4363.762,5.51,8.428887970846304,6.44089286666675,8.583,1.962,18.358,3.85,2.5839999999999996,66.542,13.139000000000001,0.467,S1K3,6.0,5.0,
TZ127,4364.092000000001,8.76,7.542076908091227,6.563619450793674,8.492,2.023,18.964000000000002,4.02,2.569,63.986999999999995,13.209000000000001,0.441,S1K3,6.0,5.0,
TZ127,4364.162,4.613,8.154246204779753,6.237717384127014,8.484,2.045,17.799,3.912,2.5660000000000003,65.455,13.479000000000001,0.526,S1K3,6.0,5.0,
TZ127,4364.302,13.015999999999998,9.405723968278185,11.975134666666658,8.478,2.077,15.958,3.7489999999999997,2.562,68.706,14.040999999999999,0.691,S1K3,6.0,5.0,
TZ127,4364.372,11.1,9.854441569021077,11.447693333333328,8.481,2.079,15.561,3.7110000000000003,2.563,69.973,14.238,0.746,S1K3,6.0,5.0,
TZ127,4364.432,11.659,10.094079362085674,11.412562000000003,8.484,2.075,15.335999999999999,3.688,2.565,70.643,14.309000000000001,0.76,S1K3,6.0,5.0,
TZ127,4364.492,14.540999999999999,10.250742103329655,13.370860000000011,8.486,2.08,15.142000000000001,3.6519999999999997,2.569,71.032,14.29,0.6890000000000001,S1K3,6.0,5.0,
TZ127,4364.592000000001,11.484000000000002,10.539696328686887,11.747808666666687,8.488999999999999,2.061,14.612,3.6010000000000004,2.575,71.262,14.147,0.6890000000000001,S1K3,6.0,5.0,
TZ127,4364.662,13.402000000000001,10.719563509535007,12.87324866666664,8.49,1.994,13.665999999999999,3.5439999999999996,2.576,71.033,13.964,0.7659999999999999,S1K3,5.0,5.0,
TZ127,4364.762,13.812999999999999,10.723264494531675,13.208079777777737,8.487,1.758,11.519,3.301,2.5669999999999997,69.501,13.385,1.217,S1K3,5.0,5.0,
TZ127,4364.832,11.382,10.571448484336134,11.559599333333356,8.482000000000001,1.558,9.972000000000001,3.077,2.559,67.99600000000001,12.808,1.838,S1K3,5.0,5.0,
TZ127,4364.9220000000005,10.841,10.38589777392937,10.787313333333334,8.472000000000001,1.328,8.355,2.8089999999999997,2.5469999999999997,66.336,11.998,7.374,S1K3,5.0,5.0,
TZ127,4365.232,8.426,10.795481050685433,11.293669333333332,8.437999999999999,0.929,7.085,2.998,2.516,66.156,10.604000000000001,30.041999999999998,S1K3,2.0,5.0,
TZ127,4365.3820000000005,9.387,10.307296126352842,9.615759555555556,8.464,0.862,7.024,3.154,2.537,65.253,10.264000000000001,23.364,S1K3,2.0,5.0,
TZ127,4366.072,11.205,9.82330599132104,11.349865422222239,8.516,2.369,12.852,2.148,2.6489999999999996,69.153,12.559000000000001,0.8,S1K3,5.0,5.0,
TZ127,4366.142,13.075,9.552717078904356,12.272838666666692,8.517000000000001,2.6069999999999998,13.665999999999999,1.8230000000000002,2.642,68.914,12.689,0.7979999999999999,S1K3,2.0,5.0,
TZ127,4366.232,13.707,9.185536261922277,12.506413999999994,8.519,2.839,14.345,1.5319999999999998,2.6319999999999997,68.49600000000001,12.866,0.35200000000000004,S1K3,2.0,5.0,
TZ127,4366.302,12.943,9.029535783428342,12.223209999999979,8.523,2.821,14.265999999999998,1.534,2.62,68.046,13.205,0.956,S1K3,2.0,5.0,
TZ127,4368.602,12.59,10.701744438527381,11.557156666666666,8.62,2.22,16.261,2.205,2.577,73.01,13.821,1.75,S1K3,5.0,5.0,
TZ127,4368.682,11.41,10.091246419542031,10.699411333333337,8.621,2.273,16.006,2.169,2.582,70.567,14.519,1.579,S1K3,5.0,5.0,
TZ127,4368.792,12.126,9.442819024938059,11.414419999999996,8.618,2.334,15.697000000000001,2.1180000000000003,2.6010000000000004,67.78699999999999,15.677999999999999,1.2790000000000001,S1K3,5.0,5.0,
TZ127,4368.812,10.466,9.348238119024652,10.156341999999997,8.618,2.342,15.610999999999999,2.101,2.6060000000000003,67.388,15.86,1.227,S1K3,5.0,5.0,
TZ127,4368.912,7.007000000000001,8.9776546269603,6.6280506666667085,8.613999999999999,2.372,14.864,1.989,2.628,65.695,16.576,1.004,S1K3,5.0,5.0,
TZ127,4368.962,7.803999999999999,8.86256573970798,6.301611333333373,8.613999999999999,2.355,14.214,1.9069999999999998,2.637,65.313,16.515,0.982,S1K3,5.0,5.0,
TZ127,4369.896,11.460999999999999,10.267265573569127,11.227389999999977,8.497,3.0610000000000004,10.642000000000001,2.753,2.5580000000000003,69.308,16.003,1.911,S1K3,4.0,4.0,
TZ127,4370.096,13.43,10.858382988283696,12.374305000000012,8.476,2.437,10.703,2.7430000000000003,2.532,68.82600000000001,15.107000000000001,4.149,S1K3,4.0,3.0,
TZ127,4370.1359999999995,13.165999999999999,11.02254398646462,12.881236266666717,8.476,2.28,10.699000000000002,2.7430000000000003,2.53,69.081,14.767999999999999,4.805,S1K3,4.0,3.0,
TZ127,4370.736,14.168,11.887186110383468,14.178135333333366,8.488,2.0909999999999997,14.038,2.266,2.574,73.829,16.594,2.573,S1K3,2.0,3.0,
TZ127,4370.816,14.958,11.241180402742694,13.638791822222199,8.486,2.079,14.005999999999998,2.252,2.595,73.006,16.971,2.1430000000000002,S1K3,2.0,3.0,
TZ127,4371.126,5.539,8.559898874000485,6.055440666666738,8.481,2.055,13.357999999999999,2.338,2.637,66.57,16.486,1.129,S1K3,3.0,5.0,
TZ127,4371.585999999999,4.575,8.441466090460656,5.8689613333334,8.495,2.07,10.515,2.986,2.62,65.563,11.767999999999999,1.7409999999999999,S1K3,3.0,5.0,
TZ127,4371.835999999999,9.802,7.963007027905066,8.861299333333314,8.493,2.319,11.380999999999998,3.1210000000000004,2.6260000000000003,65.113,12.350999999999999,1.35,S1K3,5.0,5.0,
TZ127,4371.956,8.897,7.636943174288646,8.455901999999957,8.488999999999999,2.381,11.754000000000001,3.1069999999999998,2.635,64.775,12.657,1.104,S1K3,5.0,5.0,
TZ127,4372.056,6.472,7.47895964738322,8.027130666666618,8.481,2.431,12.059000000000001,3.049,2.6430000000000002,64.788,12.925999999999998,0.9329999999999999,S1K3,5.0,6.0,
TZ127,4372.166,7.782,7.362571036093744,7.521527333333358,8.47,2.475,12.342,3.0210000000000004,2.6510000000000002,64.903,13.359000000000002,0.68,S1K3,5.0,6.0,
TZ127,4372.266,5.931,7.179114203045705,6.72102197777782,8.466000000000001,2.6260000000000003,13.097000000000001,2.772,2.659,64.695,14.024000000000001,0.5529999999999999,S1K3,5.0,6.0,
TZ127,4374.138,11.149000000000001,8.654794737238761,9.462838041269828,8.48,2.65,13.949000000000002,1.4669999999999999,2.597,64.41199999999999,13.158,1.6540000000000001,S1K3,6.0,2.0,
TZ127,4374.248,10.633,9.287319463111247,9.965469552380949,8.477,2.55,13.683,1.228,2.573,64.83,13.120999999999999,2.066,S1K3,6.0,2.0,
TZ127,4374.358,14.062000000000001,10.168772604057263,9.463409288888894,8.472999999999999,2.364,12.720999999999998,1.3119999999999998,2.543,65.76,13.470999999999998,3.0410000000000004,S1K3,6.0,2.0,
TZ127,4374.448,14.177999999999999,10.839958424840592,12.541992577777771,8.472000000000001,2.126,11.530999999999999,1.505,2.52,66.468,13.82,3.77,S1K3,6.0,2.0,
TZ127,4374.498,14.844000000000001,11.145587881722735,13.21988933333335,8.471,1.9780000000000002,10.822000000000001,1.611,2.508,66.736,13.966,4.788,S1K3,6.0,2.0,
TZ127,4374.538,14.914000000000001,11.385330085453509,11.816481999999997,8.472000000000001,1.8430000000000002,10.166,1.7080000000000002,2.498,66.926,14.091,5.612,S1K3,6.0,2.0,
TZ127,4374.718,14.306,11.306453682146438,12.654964444444436,8.472000000000001,1.569,9.138,1.7730000000000001,2.489,66.132,13.318,15.482000000000001,S1K3,6.0,2.0,
TZ127,4374.808,9.675,10.9019899834158,9.530769999999995,8.472999999999999,1.5819999999999999,9.266,1.7109999999999999,2.502,65.38600000000001,12.663,15.035,S1K3,6.0,2.0,
TZ127,4375.058,5.372999999999999,9.693642869811528,6.519639999999971,8.478,1.781,10.51,1.3519999999999999,2.56,64.217,11.269,5.7589999999999995,S1K3,6.0,5.0,
TZ127,4375.178,5.603,9.708562743945102,8.789593333333322,8.481,1.87,11.29,1.2309999999999999,2.571,64.961,11.083,4.0569999999999995,S1K3,6.0,5.0,
TZ127,4375.518,12.842,11.149909214474842,12.42448933333338,8.482999999999999,1.855,11.456,1.382,2.522,67.67,12.652999999999999,5.165,S1K3,,5.0,
TZ127,4375.5779999999995,13.392000000000001,11.294406262664713,12.083736666666692,8.48,1.834,11.337,1.423,2.517,67.816,12.99,5.67,S1K3,,5.0,
TZ127,4375.6179999999995,11.748,11.37133881820054,12.033041333333358,8.479,1.819,11.251,1.4509999999999998,2.515,67.888,13.209000000000001,6.013,S1K3,,5.0,
TZ127,4375.698,12.856,11.473680230529094,12.533906666666692,8.475,1.78,11.014000000000001,1.526,2.515,68.044,13.352,6.483,S1K3,,5.0,
TZ127,4375.938,13.567,11.935554586087308,13.001925555555562,8.474,1.695,10.422,1.632,2.504,68.922,12.908,7.732,S1K3,,5.0,
TZ127,4376.008,15.15,12.220445349596961,14.216749666666662,8.476,1.672,10.259,1.615,2.492,69.43,12.853,8.499,S1K3,,5.0,
TZ122,4196.8,4.72,8.676195393205472,10.155227333333334,10.232999999999999,2.061,14.597999999999999,2.032,2.67,67.803,14.267999999999999,0.64,S1K1,5.0,5.0,2.0
TZ122,4197.71,5.19,13.58117668652635,6.210035600000091,10.292,1.827,15.106,1.354,2.6839999999999997,82.729,14.302999999999999,0.425,S1K1,5.0,5.0,2.0
TZ122,4198.68,5.3,12.957372200818963,7.1226408888889345,10.465,1.9969999999999999,13.235999999999999,1.868,2.641,80.535,13.706,0.968,S1K1,5.0,5.0,2.0
TZ122,4199.31,8.48,12.445339227625855,9.197661544444436,10.63,2.059,14.002,1.976,2.66,78.11,14.780999999999999,0.728,S1K1,1.0,5.0,2.0
TZ122,4199.58,5.29,12.236126224176006,7.717446544444499,10.673,1.954,12.812999999999999,1.9340000000000002,2.668,76.256,16.227999999999998,0.7929999999999999,S1K1,5.0,5.0,2.0
TZ122,4200.05,4.29,11.430627582410038,6.37903066666667,10.700999999999999,1.5530000000000002,11.155,2.103,2.569,70.435,14.193,3.22,S1K1,5.0,2.0,2.0
TZ122,4200.36,8.31,11.527799084624489,9.539120666666676,10.708,1.55,11.17,2.2,2.605,71.768,14.364,2.58,S1K1,2.0,2.0,2.0
TZ122,4200.57,10.12,11.594888690510007,11.079494666666674,10.668,1.6869999999999998,11.527999999999999,2.207,2.596,71.415,15.048,2.574,S1K1,2.0,2.0,2.0
TZ122,4200.86,8.18,11.2987334480196,9.295819333333318,10.588,1.609,10.402000000000001,2.085,2.5869999999999997,70.845,13.159,3.236,S1K1,5.0,2.0,2.0
TZ122,4201.1,5.24,10.54934051188051,6.628142000000041,10.548,1.61,9.898,1.835,2.637,70.27600000000001,11.793,2.075,S1K1,5.0,2.0,2.0
TZ122,4201.31,4.02,10.188129073061644,6.590981333333367,10.519,1.4569999999999999,9.112,1.835,2.6489999999999996,68.874,13.337,1.817,S1K1,5.0,2.0,2.0
TZ122,4201.55,6.98,9.245333918255822,7.461534266666677,10.517000000000001,1.67,8.941,1.6569999999999998,2.6210000000000004,65.608,13.275,2.324,S1K1,,2.0,2.0
TZ122,4201.91,8.2,12.213735842503532,12.243431233333338,10.536,1.9969999999999999,10.425999999999998,1.609,2.5839999999999996,72.758,19.3,2.2119999999999997,S1K1,,2.0,2.0
TZ122,4203.34,4.24,8.21359317192613,8.587448999999992,10.103,1.158,6.1579999999999995,1.7409999999999999,2.65,60.775,14.867,2.7569999999999997,S1K1,,5.0,2.0
TZ122,4325.544,6.2989999999999995,6.738479012639962,6.636707555555544,8.883,2.358,12.640999999999998,2.226,2.7,64.972,11.196,0.757,S1K3,5.0,5.0,3.0
TZ122,4325.804,6.29,6.155239290559804,6.654882000000052,8.865,1.883,11.62,2.355,2.7310000000000003,63.178999999999995,11.599,0.502,S1K3,5.0,5.0,3.0
TZ122,4326.104,8.835,6.481701191055363,7.993899333333307,8.863999999999999,1.8030000000000002,10.759,2.381,2.738,63.996,12.073,0.409,S1K3,5.0,5.0,3.0
TZ122,4326.234,6.74,6.719642647743718,7.149243999999964,8.861,1.882,11.001,2.252,2.7289999999999996,64.27600000000001,11.647,0.45799999999999996,S1K3,5.0,5.0,3.0
TZ122,4326.3640000000005,7.465,6.856722214910407,8.537003666666642,8.86,1.9169999999999998,11.136,2.146,2.716,64.13600000000001,11.388,0.627,S1K3,5.0,5.0,3.0
TZ122,4326.414000000001,9.808,6.903210361739896,8.677811333333313,8.861,1.892,11.218,2.194,2.7119999999999997,64.09899999999999,11.311,0.708,S1K3,5.0,5.0,3.0
TZ122,4326.484,10.227,7.015188364858564,8.328748666666641,8.866,1.827,10.96,2.1109999999999998,2.7089999999999996,64.205,11.405999999999999,0.818,S1K3,5.0,5.0,3.0
TZ122,4326.764,8.968,7.413712467587727,8.688781333333313,8.904,1.625,10.51,1.796,2.702,64.883,11.802,0.998,S1K3,3.0,5.0,3.0
TZ122,4326.804,8.517999999999999,7.462742238738166,8.540501999999961,8.902000000000001,1.65,10.612,1.8230000000000002,2.699,64.95100000000001,11.874,1.024,S1K3,3.0,5.0,3.0
TZ122,4327.044,11.970999999999998,8.227316571304502,10.945267333333339,8.842,1.875,11.34,1.84,2.694,67.24,12.308,3.548,S1K3,5.0,5.0,3.0
TZ122,4327.124,11.014000000000001,8.693660067262558,10.758707333333343,8.807,1.86,11.386,1.849,2.693,68.714,12.345999999999998,3.46,S1K3,5.0,5.0,3.0
TZ122,4327.194,11.299000000000001,9.17237391857985,10.073907333333333,8.779,1.848,11.687000000000001,1.949,2.688,69.992,12.552,3.56,S1K3,5.0,5.0,3.0
TZ122,4327.344,13.929,10.508092838821367,10.719210222222225,8.734,1.845,11.165999999999999,1.669,2.656,72.52199999999999,13.752,4.931,S1K3,5.0,5.0,3.0
TZ122,4327.374,13.341,10.817484827838719,11.051211388888891,8.727,1.824,10.955,1.6369999999999998,2.648,73.063,14.055,5.252000000000001,S1K3,5.0,5.0,3.0
TZ122,4327.454000000001,15.595999999999998,11.602257245600445,13.72126799999993,8.712,1.768,10.389000000000001,1.55,2.6210000000000004,74.074,14.856,7.581,S1K3,5.0,5.0,3.0
TZ122,4327.524,15.249,12.111200052449213,14.109117244444498,8.7,1.7169999999999999,9.75,1.462,2.6069999999999998,74.594,15.626,7.015,S1K3,5.0,5.0,3.0
TZ122,4327.714,16.718,12.522913016130916,14.683026830158646,8.684,1.6130000000000002,9.467,1.3459999999999999,2.603,74.35300000000001,17.363,10.448,S1K3,5.0,5.0,3.0
TZ122,4327.734,14.886,12.518614835303923,14.797451496825303,8.685,1.617,9.507,1.3219999999999998,2.6039999999999996,74.292,17.500999999999998,10.607000000000001,S1K3,5.0,5.0,3.0
TZ122,4327.774,16.292,12.530769056137192,15.446617763491968,8.686,1.626,9.585,1.276,2.6039999999999996,74.163,17.793,10.974,S1K3,5.0,5.0,3.0
TZ122,4327.964,15.648,12.662839071374062,15.005466822222258,8.751,1.744,10.066,1.216,2.5789999999999997,74.125,18.441,10.655999999999999,S1K3,5.0,5.0,3.0
TZ122,4328.104,15.484000000000002,12.725111895082472,14.932564411111066,8.836,1.801,10.017000000000001,1.24,2.568,74.715,18.532,8.812999999999999,S1K3,1.0,5.0,3.0
TZ122,4328.264,14.885,12.522609450322173,14.396685363492116,8.941,2.046,11.242,1.626,2.589,75.5,18.594,6.102,S1K3,5.0,5.0,3.0
TZ122,4328.314,12.671,12.443677709775129,13.43261136666673,8.969,2.086,11.195,1.6680000000000001,2.595,75.64399999999999,18.595,5.547000000000001,S1K3,5.0,5.0,3.0
TZ122,4328.3640000000005,14.770999999999999,12.391663726418312,14.28019532222233,8.994,2.125,11.148,1.71,2.596,75.736,18.523,5.301,S1K3,5.0,5.0,3.0
TZ122,4328.484,12.853,12.39298368086621,13.128372200000015,9.011000000000001,2.221,11.089,1.82,2.575,75.197,18.874000000000002,5.957999999999999,S1K3,5.0,5.0,3.0
TZ122,4328.834,12.731,10.799081695785988,12.063570822222191,8.908,2.342,11.942,2.205,2.613,72.123,17.614,5.348,S1K3,5.0,5.0,3.0
TZ122,4328.974,12.953,10.053558045797963,12.202951333333338,8.884,2.381,12.222000000000001,2.169,2.642,71.234,16.355,4.072,S1K3,1.0,5.0,3.0
TZ122,4329.094,11.587,10.150869848036956,11.957187333333323,8.888,2.326,12.073,2.1519999999999997,2.63,71.145,16.102,3.886,S1K3,1.0,5.0,3.0
TZ122,4329.354,11.885,10.028917380584366,11.20914133333332,8.898,2.342,12.402000000000001,2.147,2.62,70.517,15.932,5.678,S1K3,5.0,5.0,3.0
TZ122,4329.694,4.531000000000001,7.882816609813126,6.385391999999927,8.88,2.7539999999999996,14.955,2.58,2.72,69.075,15.083,0.308,S1K3,5.0,5.0,3.0
TZ122,4329.944,5.672000000000001,8.41982088246039,8.045800666666647,8.939,2.852,16.868,2.7089999999999996,2.675,69.421,15.119000000000002,0.624,S1K3,5.0,5.0,3.0
TZ122,4330.124,8.77,9.011117691349995,9.742256000000003,8.971,2.6189999999999998,16.718,2.815,2.668,69.66199999999999,15.474,0.742,S1K3,5.0,5.0,3.0
TZ122,4330.594,13.788,8.882936804145812,12.593765999999988,8.918,1.6980000000000002,10.889000000000001,1.6440000000000001,2.6660000000000004,67.48100000000001,13.524000000000001,1.5619999999999998,S1K3,5.0,5.0,3.0
TZ122,4330.724,7.307,10.224794077885,8.493905333333299,8.857999999999999,1.729,11.195,1.5619999999999998,2.6289999999999996,70.461,14.257,1.9769999999999999,S1K3,5.0,5.0,3.0
TZ122,4331.054,6.501,12.33493485562719,8.431220666666693,8.722999999999999,1.77,11.354000000000001,1.597,2.544,72.348,19.204,2.8360000000000003,S1K3,5.0,5.0,3.0
TZ122,4331.284000000001,15.09,12.18747104174319,14.333269253968215,8.767000000000001,1.6840000000000002,10.629000000000001,1.696,2.525,71.005,16.765,4.165,S1K3,5.0,5.0,3.0
TZ122,4331.404,16.012999999999998,11.41950613035587,14.436182333333303,8.789,1.5919999999999999,10.06,1.631,2.56,68.482,17.844,4.364,S1K3,5.0,5.0,3.0
TZ122,4332.034000000001,11.33,15.135632153021689,10.975806522222223,8.747,2.006,11.66,1.659,2.323,76.561,18.215,2.1180000000000003,S1K3,5.0,5.0,3.0
TZ122,4332.144,11.117,14.045699213967037,11.211931307936515,8.709,2.069,11.937999999999999,1.692,2.365,74.889,16.484,1.891,S1K3,5.0,5.0,3.0
TZ122,4332.194,10.383,13.231781830750801,11.401397444444449,8.692,2.082,11.695,1.787,2.4019999999999997,73.57300000000001,15.66,1.771,S1K3,5.0,5.0,3.0
TZ122,4332.344,10.009,10.263871662545139,10.255329066666667,8.662,2.005,10.924000000000001,1.926,2.557,68.593,14.52,1.567,S1K3,5.0,5.0,3.0
TZ122,4332.394,9.604,9.565775468735618,10.359809,8.658999999999999,1.9069999999999998,10.514000000000001,1.9040000000000001,2.603,67.54899999999999,14.634,1.5519999999999998,S1K3,5.0,5.0,3.0
TZ122,4332.454000000001,10.597000000000001,9.513718908984693,10.846528666666668,8.662,1.871,10.436,1.9069999999999998,2.623,67.986,14.774000000000001,1.5759999999999998,S1K3,5.0,5.0,3.0
TZ122,4332.564,9.629,9.653818155224704,9.828639111111121,8.668,1.8,10.331,1.899,2.645,69.178,15.037,1.619,S1K3,5.0,5.0,3.0
TZ122,4332.624,10.626,9.85583625435835,10.437464888888888,8.673,1.787,10.12,1.952,2.6430000000000002,69.859,15.241,1.607,S1K3,5.0,5.0,3.0
TZ122,4333.224,6.2,8.040981589527204,7.367087999999969,8.777999999999999,2.011,12.067,2.353,2.688,66.568,13.715,0.893,S1K3,5.0,5.0,3.0
TZ122,4333.304,9.656,8.12572653491074,9.332510666666654,8.767999999999999,2.117,13.095,2.459,2.688,66.25399999999999,13.675999999999998,0.763,S1K3,5.0,5.0,3.0
TZ122,4333.384,9.375,8.520384976377912,9.258596222222202,8.757,2.125,12.815999999999999,2.44,2.679,66.461,13.797,1.4509999999999998,S1K3,5.0,5.0,3.0
TZ122,4333.394,9.956,8.567837118153538,9.271892888888871,8.756,2.126,12.78,2.438,2.678,66.48100000000001,13.842,1.507,S1K3,5.0,5.0,3.0
TZ122,4333.524,10.195,9.142771857427721,9.607147999999993,8.746,2.088,12.208,2.384,2.667,66.751,14.411,2.214,S1K3,5.0,5.0,3.0
TZ122,4333.634,7.954,9.50898444228529,8.221147333333297,8.738999999999999,1.909,11.435,2.271,2.6689999999999996,67.122,14.954,7.256,S1K3,5.0,5.0,3.0
TZ122,4333.674,11.145999999999999,9.63793133324034,9.860489333333334,8.732999999999999,1.8319999999999999,11.005999999999998,2.24,2.673,67.39,15.169,7.319,S1K3,5.0,5.0,3.0
TZ122,4333.744000000001,10.435,9.882487013092627,10.402671333333332,8.72,1.663,9.859,2.339,2.678,67.867,15.537,7.501,S1K3,5.0,5.0,3.0
TZ122,4334.2,10.85,11.991365406650738,12.277983733333357,8.588,1.242,7.854,1.301,2.615,70.612,17.805999999999997,20.225,S1K3,5.0,4.0,3.0
TZ122,4334.31,12.74,12.386186314326102,13.398215611111127,8.588,1.2570000000000001,8.151,1.239,2.585,70.953,18.135,26.741999999999997,S1K3,5.0,4.0,3.0
TZ122,4334.41,12.84,12.499229811414224,14.46061950000005,8.591000000000001,1.271,8.423,1.185,2.5789999999999997,71.345,17.846,26.107,S1K3,5.0,4.0,3.0
TZ122,4334.52,15.5,12.688521731533092,15.040434166666756,8.584,1.3,8.953,1.2670000000000001,2.577,71.932,17.769000000000002,23.805,S1K3,5.0,4.0,3.0
TZ122,4334.63,14.35,12.937914980625504,14.855264877777831,8.562000000000001,1.294,8.742,1.287,2.577,72.445,18.201,22.898000000000003,S1K3,4.0,4.0,3.0
TZ122,4334.72,14.99,13.049253609268957,14.717785733333383,8.539,1.288,8.562999999999999,1.2990000000000002,2.5810000000000004,72.598,18.553,25.148000000000003,S1K3,4.0,4.0,3.0
TZ122,4334.74,16.4,13.053528510258142,14.569862666666726,8.535,1.284,8.508,1.2919999999999998,2.583,72.592,18.631,25.531,S1K3,4.0,4.0,3.0
TZ122,4334.83,13.91,13.08939952633425,14.201481800000062,8.517999999999999,1.264,8.274,1.262,2.59,72.583,18.925,27.035,S1K3,4.0,4.0,3.0
TZ122,4334.98,14.73,12.881666712056997,14.652268666666739,8.543,1.216,7.721,1.156,2.588,71.51,19.021,35.705999999999996,S1K3,4.0,4.0,3.0
TZ122,4335.07,13.29,12.692239024484312,15.072457333333338,8.567,1.224,7.69,1.228,2.572,70.493,18.635,44.476000000000006,S1K3,4.0,2.0,3.0
TZ122,4335.36,18.26,11.866668308460504,16.829122666666734,8.605,1.262,7.9479999999999995,1.183,2.572,68.874,16.544,39.512,S1K3,2.0,2.0,3.0
TZ122,4335.48,15.47,11.610498380932704,15.03917095555548,8.606,1.3019999999999998,8.301,1.125,2.616,69.598,16.267,33.047,S1K3,2.0,2.0,3.0
TZ122,4335.6,12.49,11.615035620076762,12.574423577777777,8.589,1.291,7.9879999999999995,1.198,2.642,70.523,16.447,18.605999999999998,S1K3,2.0,2.0,3.0
TZ122,4335.81,15.71,12.383028162043194,12.836271177777784,8.494,1.381,7.933,1.251,2.591,72.112,17.064,15.107000000000001,S1K3,2.0,2.0,3.0
TZ122,4335.93,16.32,12.506800686770001,12.854653333333346,8.457,1.3630000000000002,8.076,1.275,2.569,72.241,17.112000000000002,16.507,S1K3,5.0,2.0,1.0
TZ122,4336.25,15.06,11.860621409186558,13.728643277777827,8.547,1.505,8.81,1.319,2.5980000000000003,71.598,16.723,12.5,S1K3,5.0,3.0,1.0
TZ122,4336.36,14.91,11.69556914656722,13.528447333333308,8.57,1.5919999999999999,8.871,1.4380000000000002,2.623,71.937,16.469,9.863999999999999,S1K3,2.0,3.0,1.0
TZ122,4336.76,15.58,12.892920945092433,14.932777777777735,8.547,1.47,7.417999999999999,1.262,2.592,72.312,17.988,38.869,S1K3,2.0,3.0,1.0
TZ122,4336.87,14.91,12.790217649582974,14.981420666666697,8.561,1.345,6.94,1.102,2.573,71.513,17.587,117.066,S1K3,2.0,3.0,1.0
TZ122,4336.99,13.95,12.3275126677134,13.38520533333338,8.576,1.167,6.0889999999999995,0.993,2.574,70.415,17.089000000000002,191.68900000000002,S1K3,3.0,3.0,1.0
TZ122,4337.08,11.1,11.928559997250435,11.979343333333343,8.576,1.078,5.4639999999999995,0.9229999999999999,2.583,69.85300000000001,16.698,89.34,S1K3,3.0,5.0,1.0
TZ122,4339.115,6.811,13.642565037095771,9.2818077,8.787,2.5,12.1,1.649,2.544,80.875,19.895,0.586,S1K3,5.0,5.0,1.0
TZ122,4339.475,5.457999999999999,8.834347003453795,7.212546933333401,8.825,2.975,14.897,1.7990000000000002,2.6260000000000003,69.149,16.692,0.335,S1K3,5.0,5.0,1.0
TZ122,4340.155,10.202,8.145867128462148,9.444434666666673,8.808,1.974,11.317,2.161,2.71,68.889,15.690999999999999,0.349,S1K3,5.0,5.0,1.0
TZ122,4340.385,9.469,8.585882603352378,8.829774666666667,8.817,2.391,14.859000000000002,2.197,2.6660000000000004,69.202,15.954,0.267,S1K3,5.0,5.0,1.0
TZ122,4340.505,9.594,8.702197134524921,9.844450000000004,8.805,2.5340000000000003,16.305,2.101,2.655,68.7,14.845999999999998,0.289,S1K3,5.0,5.0,1.0
TZ122,4340.955,7.867000000000001,11.020516661286205,11.235194000000005,8.789,1.7730000000000001,12.454,1.032,2.563,69.92399999999999,15.785,1.129,S1K3,5.0,5.0,3.0
TZ122,4341.075,9.914,11.697060098552788,10.507517,8.794,1.754,12.459000000000001,0.9329999999999999,2.491,69.827,15.874,1.8780000000000001,S1K3,5.0,5.0,3.0
TZ122,4341.195,11.095999999999998,12.140743400971619,10.64292411111111,8.783999999999999,1.942,13.463,0.856,2.431,69.218,15.651,2.045,S1K3,5.0,5.0,3.0
TZ122,4341.315,11.62,12.257721319607459,10.620771666666668,8.752,1.876,13.088,0.855,2.403,68.37899999999999,14.734000000000002,2.516,S1K3,3.0,5.0,3.0
TZ122,4341.655,11.118,12.315374535561096,10.253344,8.652000000000001,1.416,9.92,0.46799999999999997,2.416,66.446,15.185,10.717,S1K3,2.0,5.0,3.0
TZ122,4341.795,11.457,12.917066635893413,10.853207333333327,8.638,1.2429999999999999,8.709,0.49,2.418,66.972,17.98,12.347999999999999,S1K3,2.0,5.0,3.0
TZ122,4342.125,14.592,16.72229519298554,14.071145944444405,8.612,1.207,9.324,0.634,2.464,78.85600000000001,25.160999999999998,7.567,S1K3,5.0,5.0,3.0
TZ122,4342.435,14.056,14.590006454762097,11.618455322222225,8.627,1.6840000000000002,12.935,0.8759999999999999,2.542,79.053,17.605,2.537,S1K3,,5.0,3.0
TZ122,4342.595,8.112,13.12274729514098,10.146011111111108,8.628,1.385,11.038,1.0979999999999999,2.55,73.986,16.509,2.971,S1K3,,5.0,3.0
TZ122,4343.015,14.905,12.090304295239633,15.103984222222149,8.593,1.121,8.34,1.276,2.571,69.139,16.214000000000002,9.232000000000001,S1K3,,5.0,3.0
TZ122,4343.135,15.465,12.469493858459353,15.06127533333331,8.559,1.051,7.943,1.325,2.577,69.309,17.646,9.529,S1K3,,5.0,3.0
TZ122,4343.935,11.327,11.002883213009785,11.46915764444446,8.552999999999999,1.339,9.594,2.182,2.588,67.567,15.427999999999999,4.912,S1K3,5.0,5.0,3.0
TZ122,4344.045,4.873,10.224057235744521,6.16336623333327,8.552999999999999,1.331,9.248,1.989,2.613,66.734,14.504000000000001,3.804,S1K3,5.0,5.0,3.0
TZ122,4344.135,6.0520000000000005,9.861037750148181,6.021953999999951,8.562000000000001,1.3319999999999999,8.964,1.8,2.613,65.995,14.177,3.312,S1K3,5.0,5.0,3.0
TZ122,4344.235,4.706,9.774381261844846,5.537523333333318,8.605,1.295,8.652999999999999,1.7380000000000002,2.6210000000000004,66.467,14.208,2.57,S1K3,5.0,5.0,3.0
TZ122,4344.345,13.078,9.760481967461091,11.870245333333306,8.671,1.2830000000000001,8.626,1.722,2.625,67.514,14.475999999999999,1.886,S1K3,5.0,5.0,3.0
TZ122,4344.655,7.542000000000001,9.401551063192178,8.359234000000018,8.802999999999999,1.8019999999999998,13.244000000000002,2.169,2.678,70.669,16.923,0.67,S1K3,4.0,5.0,3.0
TZ122,4345.305,10.094,8.384409312254618,9.57265533333333,8.941,1.841,13.380999999999998,1.672,2.68,66.535,13.49,1.036,S1K3,5.0,5.0,3.0
TZ122,4345.575,9.791,8.230869813437359,9.763726800000013,8.933,1.7409999999999999,13.019,1.4169999999999998,2.69,65.456,13.498,1.121,S1K3,5.0,5.0,3.0
TZ122,4345.715,10.349,8.117822105621478,9.846028133333343,8.93,1.649,12.922,1.198,2.696,65.055,13.235,1.1179999999999999,S1K3,3.0,5.0,3.0
TZ122,4345.855,9.666,8.264755522831173,9.019960533333347,8.929,1.538,12.957,1.104,2.688,65.36,13.093,1.1,S1K3,5.0,5.0,3.0
TZ122,4345.905,10.333,8.408499236988858,8.665859200000012,8.927,1.5330000000000001,13.17,1.0659999999999998,2.678,65.672,12.998,1.15,S1K3,5.0,5.0,3.0
TZ122,4345.955,10.838,8.602711809556702,9.838375999999993,8.924,1.5030000000000001,13.419,1.04,2.6719999999999997,66.14399999999999,13.308,1.2930000000000001,S1K3,2.0,5.0,3.0
TZ122,4346.045,9.682,9.114316931621627,10.014898000000004,8.91,1.558,13.718,0.943,2.667,67.569,13.775,1.338,S1K3,5.0,5.0,3.0
TZ122,4346.165,4.378,10.170071438950893,9.577623333333337,8.885,1.614,13.995,0.848,2.645,69.521,15.008,1.494,S1K3,5.0,5.0,3.0
TZ122,4346.365,9.964,11.538333264702398,11.330558000000016,8.863999999999999,1.504,12.99,0.8809999999999999,2.6189999999999998,71.305,16.415,3.3760000000000003,S1K3,5.0,5.0,3.0
TZ122,4346.525,15.776,11.703069054137265,14.343064755555492,8.907,1.308,11.472999999999999,0.742,2.5980000000000003,70.581,15.481,6.097,S1K3,5.0,5.0,3.0
TZ122,4346.675,14.027000000000001,11.197619235178728,13.152958799999979,9.012,1.2409999999999999,11.007,0.78,2.612,68.921,14.761,7.364,S1K3,5.0,5.0,3.0
TZ122,4346.785,15.027000000000001,10.85486724186228,13.750874799999936,9.097999999999999,1.207,10.823,0.7709999999999999,2.64,68.17,15.037,6.482,S1K3,5.0,5.0,3.0
TZ122,4347.205,13.909,10.111228905690787,12.630815799999985,9.3,1.2670000000000001,12.088,1.005,2.659,67.817,14.299000000000001,3.9819999999999998,S1K3,2.0,5.0,3.0
TZ122,4348.255,13.610999999999999,10.933015639983628,11.61377766666667,9.594,1.274,11.25,1.808,2.6510000000000002,71.874,16.427,2.046,S1K3,5.0,5.0,3.0
TZ122,4348.385,15.639000000000001,11.091908257389386,13.950252888888807,9.618,1.511,13.35,2.293,2.6639999999999997,73.973,17.136,1.4369999999999998,S1K3,5.0,5.0,3.0
TZ122,4348.505,13.775,10.990759329181016,13.265771811111083,9.642999999999999,1.7830000000000001,15.681,2.7560000000000002,2.656,74.467,17.989,0.9359999999999999,S1K3,5.0,5.0,3.0
TZ122,4348.625,13.249,10.820873318134886,12.25866266666665,9.66,2.003,17.511,3.0589999999999997,2.628,73.762,18.708,0.655,S1K3,5.0,5.0,3.0
TZ122,4348.825,11.177,11.100906455758713,11.757274222222218,9.655,1.989,16.554000000000002,2.699,2.591,73.153,17.537,0.9670000000000001,S1K3,5.0,5.0,3.0
TZ122,4349.125,11.593,10.95330317034706,11.177271333333346,9.693,1.4780000000000002,11.432,1.976,2.58,69.61399999999999,16.414,2.855,S1K3,5.0,3.0,3.0
TZ122,4349.245,12.205,11.200501060877134,11.590416666666668,9.726,1.4509999999999998,11.243,1.8619999999999999,2.5810000000000004,69.837,15.83,3.7060000000000004,S1K3,5.0,3.0,3.0
TZ122,4349.395,14.665,11.847335597255238,12.63335600000002,9.745,1.444,11.244000000000002,1.714,2.559,69.097,19.201,4.526,S1K3,5.0,3.0,3.0
TZ122,4349.755,15.025,15.5843027590625,13.70190977777777,9.785,1.942,14.117,2.533,2.3930000000000002,75.536,23.708000000000002,4.289,S1K3,5.0,3.0,3.0
TZ122,4349.915,14.808,15.556541857826668,12.267895444444473,9.773,1.9180000000000001,13.384,2.423,2.387,77.30199999999999,19.851,3.235,S1K3,5.0,3.0,3.0
TZ122,4350.055,11.857999999999999,15.523004104628495,11.969170222222244,9.738,1.521,10.589,2.1519999999999997,2.44,78.381,18.925,3.26,S1K3,5.0,5.0,3.0
TZ122,4350.435,17.015,13.539170775036037,15.706619788888926,9.692,1.3030000000000002,9.417,2.178,2.504,72.555,16.814,9.277999999999999,S1K3,5.0,5.0,3.0
TZ122,4350.595,18.058,12.834278758147283,16.84774816666675,9.666,1.374,10.206,2.417,2.526,71.082,16.483,8.647,S1K3,5.0,5.0,3.0
TZ122,4350.695,17.292,12.596713601248254,16.23441649999997,9.649,1.338,10.729000000000001,2.4859999999999998,2.5469999999999997,70.94,16.584,8.052999999999999,S1K3,5.0,5.0,3.0
TZ122,4350.885,15.984000000000002,12.834131071165643,13.312537000000031,9.652999999999999,1.395,11.865,2.611,2.563,72.443,16.657,6.876,S1K3,5.0,5.0,3.0
TZ122,4351.545,6.332999999999999,11.933080649894237,11.369786,9.503,1.24,10.802999999999999,2.073,2.5860000000000003,70.158,16.493,5.507999999999999,S1K3,5.0,5.0,3.0
TZ122,4351.665,8.712,12.289500331131523,10.120826666666664,9.485,1.183,10.422,1.831,2.565,70.557,15.915,6.763999999999999,S1K3,5.0,5.0,3.0
TZ122,4351.865,13.915,12.78391556563434,14.157766000000091,9.465,1.08,9.397,1.645,2.568,71.54899999999999,16.160999999999998,9.202,S1K3,5.0,5.0,3.0
TZ122,4351.975,15.26,12.84381801551745,14.985069333333357,9.455,1.107,9.345,1.4469999999999998,2.577,71.77,16.098,10.64,S1K3,5.0,5.0,3.0
TZ122,4352.215,14.78,13.291893234076229,15.040525333333395,9.433,1.091,9.021,1.109,2.557,72.046,17.045,13.508,S1K3,5.0,5.0,3.0
TZ122,4352.345,9.532,12.903394335140195,15.88717177777782,9.426,1.143,8.748,1.266,2.55,71.123,16.438,13.248,S1K3,5.0,5.0,3.0
TZ122,4353.165,4.247,8.041552064397745,5.573826666666625,9.432,1.794,13.267000000000001,1.776,2.679,65.969,13.049000000000001,0.775,S1K3,5.0,5.0,3.0
TZ122,4353.365,5.7170000000000005,8.225879714212114,7.903105333333317,9.422,2.003,14.907,2.21,2.6689999999999996,66.74,12.404000000000002,0.9279999999999999,S1K3,5.0,5.0,3.0
TZ122,4354.195,8.543,8.663864586285278,8.63597680000003,9.394,1.3530000000000002,12.019,1.138,2.659,64.814,13.21,2.543,S1K3,5.0,5.0,3.0
TZ122,4354.315,10.975,9.216570121938688,9.703688666666672,9.386000000000001,1.089,9.674,0.9690000000000001,2.647,65.118,14.318,3.705,S1K3,5.0,5.0,3.0
TZ122,4354.515,9.775,9.958654577579596,10.151825999999998,9.394,1.37,12.161,1.188,2.662,67.595,15.99,2.371,S1K3,5.0,5.0,3.0
TZ122,4355.355,12.224,12.419325763110049,12.302383333333378,9.345,1.305,11.629000000000001,1.018,2.574,72.83,16.017,6.585,S1K3,5.0,5.0,3.0
TZ122,4355.445,12.933,11.83397933314894,11.962214055555561,9.356,1.3869999999999998,12.17,1.09,2.5989999999999998,72.536,14.998,5.497999999999999,S1K3,5.0,5.0,3.0
TZ122,4355.545,11.593,10.781713630728627,9.944444000000003,9.374,1.525,12.827,1.079,2.639,71.235,14.020999999999999,3.239,S1K3,5.0,5.0,3.0
TZ122,4355.675,9.722000000000001,9.300410045813608,9.100064000000005,9.389,1.666,14.329,1.4169999999999998,2.6839999999999997,68.83,13.298,1.107,S1K3,5.0,5.0,3.0
TZ122,4355.795,8.126,8.101978649095933,8.511299999999977,9.363,1.8419999999999999,15.822000000000001,1.624,2.705,66.488,13.120999999999999,0.6729999999999999,S1K3,5.0,5.0,3.0
TZ122,4356.205,7.056,8.945665802543346,9.684346933333334,9.032,2.194,19.673,1.9409999999999998,2.653,68.153,16.633,0.9990000000000001,S1K3,5.0,1.0,1.0
TZ122,4356.405,11.104000000000001,11.27783652971809,11.443175933333338,9.003,1.9240000000000002,16.340999999999998,1.975,2.5980000000000003,72.02199999999999,17.852,1.5419999999999998,S1K3,,1.0,1.0
TZ122,4356.565,9.96,13.442737931555811,10.060917777777773,9.02,1.631,13.269,1.844,2.5639999999999996,76.968,17.649,4.8839999999999995,S1K3,,1.0,1.0
TZ122,4356.775,7.4110000000000005,13.097418435398636,8.801080088888874,9.052999999999999,1.579,12.63,1.63,2.593,76.499,17.322,4.11,S1K3,1.0,1.0,1.0
TZ122,4356.915,11.279000000000002,12.348063332819729,11.384767100000007,9.051,1.63,12.71,2.126,2.613,74.649,17.698,3.2230000000000003,S1K3,1.0,1.0,1.0
TZ122,4357.155,8.451,11.368760532366588,9.65901828888889,9.049,1.3780000000000001,11.383,2.065,2.6010000000000004,71.406,16.894000000000002,3.623,S1K3,1.0,5.0,1.0
TZ122,4357.805,8.097000000000001,10.529650064293639,9.383293999999982,8.975,0.9890000000000001,9.016,1.85,2.658,69.469,14.019,4.102,S1K3,5.0,5.0,1.0
TZ122,4357.925,10.663,10.222168117238626,10.482872000000002,9.061,1.038,8.953,1.733,2.659,68.123,13.98,5.771,S1K3,5.0,5.0,1.0
TZ122,4358.045,10.924000000000001,9.973496975981153,9.154247999999995,9.187999999999999,1.088,8.951,1.618,2.655,67.206,14.022,5.722,S1K3,5.0,2.0,1.0
TZ122,4358.155,11.417,9.88099140903339,9.237358000000002,9.285,1.176,9.704,1.557,2.6460000000000004,66.764,14.263,5.215,S1K3,5.0,2.0,1.0
TZ122,4358.275,9.226,9.923009349028163,8.129591333333313,9.321,1.0959999999999999,8.575,1.284,2.63,66.482,14.823,4.987,S1K3,3.0,2.0,1.0
TZ122,4358.395,8.202,9.963235232588609,7.539218666666641,9.326,1.056,8.062000000000001,1.235,2.62,66.172,15.421,4.902,S1K3,3.0,2.0,1.0
TZ122,4358.655,13.288,11.429117976412812,12.322659333333322,9.222999999999999,1.21,8.972999999999999,1.339,2.57,68.064,17.85,7.8389999999999995,S1K3,,2.0,1.0
TZ122,4358.905,5.325,11.85433384699361,7.9085228333333095,9.213,1.665,11.224,1.765,2.571,70.293,18.122,7.792999999999999,S1K3,5.0,2.0,1.0
TZ122,4359.375,5.38,9.607048616494186,7.20345018412695,9.371,2.08,11.859000000000002,1.518,2.61,67.236,15.443,0.8370000000000001,S1K3,,2.0,1.0
TZ122,4359.595,8.661,10.633277874717272,9.234444666666677,9.427999999999999,2.239,12.523,1.6280000000000001,2.501,66.442,19.045,0.583,S1K3,,2.0,1.0
TZ122,4360.555,8.613,7.405283299207104,8.548680000000003,9.416,1.5030000000000001,9.652999999999999,1.3130000000000002,2.682,62.458,11.634,2.512,S1K3,,5.0,1.0
TZ122,4360.705,9.009,7.619035946661443,9.007836000000031,9.4,1.273,7.9479999999999995,1.0959999999999999,2.7030000000000003,62.571999999999996,13.027999999999999,3.951,S1K3,,5.0,1.0
TZ122,4360.805,9.329,7.540977312670615,9.11438955555555,9.401,1.4080000000000001,9.152999999999999,1.28,2.71,62.521,13.85,2.9560000000000004,S1K3,,5.0,1.0
TZ122,4360.895,5.317,7.621191173064906,8.755306222222226,9.405,1.5230000000000001,10.132,1.409,2.7030000000000003,63.019,14.319,1.675,S1K3,,5.0,1.0
